driverId,name,ssn,location,certified,wage-plan
10,James Caldwell,133-07-6473,"41678 Tracy Hill Apt. 714
Meltonfort, UT 48886",Y,miles
11,Taylor Adkins,729-95-6624,"894 Parker Ford Suite 742
East James, MO 89264",Y,hours
12,Brenda Johnson,583-55-3348,"5270 Smith Prairie Suite 860
Port Mark, IL 50787",N,hours
13,Victor Mosley,505-74-7107,"66350 Tamara Summit Suite 676
North Johnstad, MT 20130",Y,miles
14,Denise Cruz,775-01-6174,"5814 Angela Forest
Keithshire, MO 55540",N,hours
15,Samuel Fuller,626-63-6952,"79060 Dan Courts
Foleyton, AL 42556",Y,hours
16,Joanne Jackson,548-72-2977,"474 Gary Brook Suite 622
West Erinside, FL 05505",N,hours
17,Holly Maldonado,510-85-2480,"Unit 0671 Box 5415
DPO AE 23549",Y,miles
18,Dr. Todd Durham IV,367-13-0399,"30610 Joshua Center
Troyhaven, HI 16445",N,miles
19,James Lin,465-33-2898,"78283 King Loaf Suite 038
West Joshuastad, UT 73163",Y,miles
20,Maxwell Leon,206-25-5856,"Unit 1846 Box 2041
DPO AE 99494",N,hours
21,Kimberly Wolfe,024-25-9493,"10620 Amber Avenue Suite 622
New Jason, NM 85065",N,miles
22,Michael Garrison,755-41-2656,"28217 Miller Plain Suite 907
Lake Whitneyhaven, VT 69772",Y,hours
23,Justin Wood,596-37-1322,"910 Paul Groves
South Andreafort, IA 73266",Y,hours
24,Tammy King,822-97-4690,"913 Williams Islands
East Brian, OR 14073",Y,miles
25,Elizabeth Nichols,552-68-0355,"6918 Ashley Orchard
Gonzalezview, PW 68717",N,hours
26,Andrea Mitchell,592-48-4714,"71171 Mcgrath Ports Suite 459
Weaverstad, GU 36685",Y,miles
27,Erica Brooks,306-92-0291,"42335 John Ferry Apt. 855
Port Amyview, MH 87962",Y,miles
28,Christina Bradley,276-29-4227,"408 Jaime Stream Apt. 194
Lake Rickyview, NM 33360",N,hours
29,Angela Figueroa,816-33-6640,"04280 Kaufman Knoll Apt. 252
West Troy, OK 10565",Y,miles
30,Jennifer Melendez,465-88-7761,"44584 Nguyen Gateway
Smithtown, SC 18938",Y,hours
31,Veronica Cooper,513-37-4077,"10981 Simmons Street Suite 146
Port Mark, LA 00914",Y,miles
32,Christina Park,468-14-0784,"058 Jennifer Shore Apt. 429
Justinview, TN 32576",Y,hours
33,Kayla Pena,453-22-1292,"71277 Perkins Ranch
East Brooketown, CT 95255",N,miles
34,Betty Wagner,683-93-7751,"82650 Jeremy Drives Suite 529
Josephberg, TN 46596",N,miles
35,Leslie Carlson,054-76-8784,"2806 Alan Pines Apt. 922
Lake Tamara, AK 91724",N,hours
36,Melissa Berg,693-82-7107,"83951 Robert Grove
New Dianeborough, FL 66356",N,hours
37,Michael Hernandez,868-25-1690,"66774 Diaz Harbor Suite 142
New Brandon, NM 83078",Y,hours
38,Melissa Watson,314-79-4260,"044 Matthew Trace
New Shawntown, DE 33035",N,miles
39,James Mcgee,094-58-7497,"1538 Erin Wells Apt. 268
East James, AR 21617",N,miles
40,Jeffrey Scott,292-90-9567,"0066 Gonzales Village
Davidmouth, UT 79352",N,hours
41,Trevor Harris,592-60-0994,"522 Lisa Station
Port Lindafurt, GU 35322",N,miles
42,Amanda Guerrero,203-70-6358,"84057 Thomas Cape Suite 396
West Andrew, WI 64250",Y,miles
43,Veronica Perez,631-64-3421,"8403 Caitlin Mews
West Tamarachester, NH 97630",N,hours
44,Michael Ward,425-28-0134,"76002 Jason Ranch Apt. 671
Bentonfurt, AK 94675",Y,miles
45,Diane Anderson,194-96-0787,"5652 Clifford Garden Suite 265
Port Paulhaven, AL 61358",N,hours
46,Jesse Green,234-54-1830,"71694 Curry Fields Apt. 395
Port Kiaraland, CO 18820",N,miles
47,Caitlin Chavez,541-86-3088,"3304 Angela Springs Apt. 746
North Lauren, MD 55097",N,miles
48,Kimberly Gonzalez,586-04-7733,"Unit 0818 Box 3058
DPO AA 57072",N,hours
49,Jennifer Richards,306-02-6467,"955 Carlos Station
Davisborough, MN 95333",N,miles
50,Mrs. Katherine Gonzales MD,521-24-4706,"000 Michael Ports
New Johnborough, ND 36636",N,miles
51,Cynthia Morales,353-73-2631,"1370 Cheryl Tunnel
Claireside, WI 52121",N,miles
52,Alexander Kelly,140-76-4212,"7766 Chapman Streets
Lake Jessica, IL 84476",N,hours
53,Chris King,406-85-3878,"592 Howard Village Apt. 281
Collinsmouth, AZ 33754",N,miles
54,James Sanchez,878-89-2520,"2688 Gonzalez Ridge
Wrightland, VI 67567",N,hours
55,Brittany Nelson,375-43-0815,"04944 Baker Lights
West Sonyamouth, MS 24799",N,hours
56,Lindsay Yoder,675-38-0737,"3961 David Drive Apt. 577
Lake Colleenport, MD 29537",Y,miles
57,Calvin Berg,371-34-0662,"7919 Ashley Street Suite 806
Goodwinchester, MN 71566",N,miles
58,Melinda Shannon,317-98-5891,"Unit 3319 Box 4262
DPO AE 65178",Y,hours
59,Victoria Frost,608-17-0165,"259 Huffman Hill
North Dominiquefort, WI 77976",Y,miles
60,Alyssa Williamson,769-16-9842,"PSC 4910, Box 0499
APO AA 88483",N,hours
61,Robert Wheeler,259-05-3592,"3460 Mitchell Grove Suite 567
Staffordport, FL 79492",Y,miles
62,Luis Anderson,350-38-2706,"1386 Reese Hill Apt. 345
South Nancyburgh, IN 60269",N,hours
63,Andre Garcia,786-60-5933,"555 Jenny Falls Apt. 823
Cannonmouth, PA 13183",N,hours
64,Shannon Ellis,151-96-4050,"912 Fernandez Hollow Apt. 840
East Melanie, NJ 94459",N,miles
65,Steven Armstrong,752-26-0712,"277 Benjamin Mountains Suite 509
South Jasonmouth, GU 41792",N,hours
66,Rachel Klein,423-04-6127,"6096 Anne Ports
Davisshire, WV 02046",Y,hours
67,Courtney Wilson,531-25-2912,"Unit 2075 Box 5688
DPO AE 71974",Y,miles
68,Joe Baker,580-06-9332,"USS Moore
FPO AA 76260",Y,miles
69,Jordan Byrd,106-36-5901,"533 Stafford Islands
Port Patrickberg, AZ 05604",Y,hours
70,Ricardo Moore,835-19-9625,"Unit 3048 Box 4745
DPO AA 64474",N,miles
71,Jesse Smith,464-17-7725,"416 Kristin Lakes
Port Stevenshire, DE 96825",N,miles
72,Jocelyn Pierce,532-27-2053,"Unit 9733 Box 0514
DPO AE 91363",N,hours
73,Gail Jones,294-01-1685,"662 Garcia Stream
Boydberg, SC 32489",Y,miles
74,Samantha Welch,440-91-9345,"704 Weber Mountains Apt. 769
New Sharonland, MN 68047",Y,miles
75,Deborah Mitchell,035-65-9055,"Unit 2102 Box 3154
DPO AA 41504",N,miles
76,Ashley Newman,172-49-0112,"842 Jonathan Trafficway
Lake Renee, MH 58946",N,miles
77,George Pacheco,259-80-4171,"667 Parker Views
Lake Jessica, MA 42818",N,miles
78,Alexis Holder,024-29-7961,"7931 Williams Squares Suite 334
Ellisside, MA 40876",Y,hours
79,Kimberly Brown,556-99-9134,"554 Reid Plains
Andersonfurt, CT 22490",Y,hours
80,Vickie Smith,676-91-2529,"529 Lane Port
Ebonyshire, KY 43772",N,hours
81,Tanner Morrow,009-58-1652,"05784 Hunt Fork
New Caroltown, GA 91676",Y,miles
82,Mr. Joseph Erickson,142-52-2328,"776 Owens Divide Apt. 917
New Timothyberg, NC 29253",N,miles
83,Andrew Cox,832-04-1614,"Unit 3385 Box 0313
DPO AP 58854",Y,hours
84,Katie Delacruz,736-87-4339,"332 Carter Spring Apt. 766
North Davidmouth, VI 31590",Y,hours
85,Ronald Simmons,356-39-5371,"Unit 9234 Box 6989
DPO AP 27635",Y,hours
86,Alan Wilson,504-46-8287,"372 Lee Fort
Port Laurenton, AK 34434",Y,hours
87,Jesse Farmer,320-77-2644,"79637 Ochoa Road
Rachelland, MI 76815",Y,hours
88,Donald Wolf,530-38-9045,"59451 Laurie Station
Lisaland, WA 73987",N,hours
89,Jeremy Warner,082-24-2450,"7782 Morris Turnpike Suite 015
Coleside, VI 86269",N,hours
90,William Smith,457-91-9081,"9542 Ryan Pass
Ayalahaven, NE 09661",Y,hours
91,Annette Miller,507-41-1666,"651 Garcia Creek Suite 495
Davenportton, MI 25613",Y,hours
92,Michelle Kline,200-80-2204,"310 John Square
East Richardville, GU 74351",N,miles
93,Nathan Young,715-23-1661,"1877 Willis Locks
Floresmouth, MA 59847",N,miles
94,Michael Fitzpatrick,171-33-8216,"Unit 3822 Box 7514
DPO AP 40023",N,hours
95,Lisa Nelson,377-71-1860,"261 Jonathan Circles
Fostermouth, FM 85019",N,miles
96,April Benitez,762-84-6484,"Unit 8856 Box 8242
DPO AE 37008",N,miles
97,Stephanie Thompson,123-80-1457,"USNV Adams
FPO AP 92542",Y,hours
98,Gregory Davis,169-82-5007,"055 Johnson Crossing Apt. 085
New Teresa, AS 53969",N,hours
99,Tammy Hall,474-32-2913,"23607 Rodgers Meadow
Garretttown, GA 01489",Y,hours
100,Jeff Griffin,456-11-5003,"33020 Cook Rest
Freemanshire, VI 40823",Y,hours
101,Brandon Brown,519-57-3175,"USCGC Walker
FPO AE 08903",N,miles
102,Thomas Clements,586-37-4166,"Unit 1500 Box 9159
DPO AP 25800",N,hours
103,Kelly Delacruz,291-45-3078,"2356 Brittany Land Suite 127
South Chelseaville, MD 84248",N,hours
104,Jennifer Sheppard,897-72-5649,"000 Jessica Park
South Timothy, AS 26048",Y,hours
105,James Simmons,304-59-7664,"3681 Stephen Port Suite 802
North Benjamin, MT 52184",N,hours
106,Brenda Robles DVM,799-70-0714,"847 Craig Passage Apt. 638
West Kevin, MI 31766",Y,hours
107,Jennifer Cervantes,306-63-3991,"1546 Woods Meadows
New David, NE 87057",N,miles
108,Beverly Solis,725-04-9501,"816 Jason Mountain Suite 726
New Paulfurt, FL 62238",N,hours
109,Daniel Hernandez,207-32-2560,"6587 Regina Mill
North Danielview, OH 10563",Y,hours
110,Keith Flowers,703-88-0514,"99597 Alvarez Points Suite 310
West Lindsay, NH 04154",N,hours
111,Brian Nelson,845-23-1852,"3992 Michelle Trail
North Katherine, GU 00695",N,miles
112,Grace Wade,737-88-5037,"43291 Malone Radial
Hillborough, DE 87925",Y,hours
113,Linda Watts,826-75-0242,"Unit 6177 Box 2852
DPO AP 08674",N,miles
114,Jessica Wilson,490-33-2170,"61302 Jenna Wall
South Williammouth, WI 69967",Y,hours
115,Austin Smith,813-36-6448,"810 Alexander Path Apt. 351
South Jacob, WY 77968",N,hours
116,Travis Cunningham,593-13-9193,"6921 Brown Squares Apt. 104
North Caseyborough, AR 85117",N,miles
117,Dr. Diamond Chen,845-59-7981,"Unit 4530 Box 1057
DPO AE 13295",Y,hours
118,Monica Tapia,605-26-5784,"60464 Bell Avenue
Tylerton, LA 43349",Y,hours
119,Jessica Collins,024-14-9977,"83766 Sandoval Meadows
Jenniferchester, NC 17191",Y,hours
120,Erik Green,269-51-8318,"37916 Sylvia Club
New Christopherport, MT 60621",Y,hours
121,Brian Daniels,127-29-6665,"88216 Amber Mountain
Port Thomasport, HI 86692",N,hours
122,Francis Reynolds,225-10-4188,"21507 Daniel Pass
North Rose, PR 60041",Y,miles
123,Michael Carter MD,227-15-6824,"0104 Jones Canyon
New Seanmouth, AZ 25399",N,hours
124,Elizabeth Johnson,559-90-2005,"45617 Nichols Glens
Walkerborough, UT 46589",Y,hours
125,Justin Turner,835-01-1371,"588 Hayden Courts
South Alejandrobury, PR 99652",Y,miles
126,John Thomas,860-91-7855,"02049 Hampton Lights Suite 475
South Tylermouth, GA 20956",N,hours
127,Brian Cox,183-48-6422,"113 Wells Via Suite 048
Hamptonhaven, CO 46688",N,hours
128,Kenneth Fowler,361-09-2210,"864 Phillip Points
Kristopherland, CT 67662",N,hours
129,Lauren Adams,357-93-4562,"2830 Jennifer Union
Port Justin, KS 42292",Y,hours
130,Brandon Dickson,612-28-6435,"8108 Alexander Squares Suite 802
Jacksonmouth, IA 46143",Y,miles
131,Jessica Stone,172-46-4542,"6054 Hall Port
Port Margaret, AS 93989",N,hours
132,Tyler Faulkner,799-18-5551,"4026 Christina Falls Apt. 357
Serranostad, NC 70824",Y,miles
133,Steven Farley,215-32-8763,"3201 Cynthia Camp Apt. 258
Jacobfurt, MN 37833",Y,miles
134,James Lewis,670-88-9090,"3681 Pierce Mews Suite 221
Cunninghamview, KY 87311",Y,miles
135,Miss Hannah Ali,405-94-7964,"3995 Clark Hill Apt. 994
Fischertown, TN 13904",Y,hours
136,Douglas Bass,205-10-4545,"980 Berry Stravenue
West Tylerton, AR 64144",N,hours
137,Monica Flowers,394-85-1280,"94555 Smith Freeway Suite 719
Port Ashleyfort, CA 42905",N,miles
138,Lisa Gonzalez,242-89-2481,"363 Ferguson Heights
Walkerport, MS 29771",N,hours
139,George Webb,812-34-6431,"67704 Kevin Views
Krauseview, AR 36303",N,miles
140,Craig Hill,290-15-5760,"1669 Dana Rue Suite 707
Nicholasbury, MS 65598",Y,hours
141,Kimberly Pacheco,540-85-7232,"56909 Lee Greens Suite 878
West Christinafurt, WA 38806",N,miles
142,Victoria Johnston,007-75-9530,"5231 Deborah Crossing
East Paulatown, VT 20240",N,hours
143,Bobby Raymond,645-95-2311,"7221 Myers Drive
New David, WY 88925",N,hours
144,Cameron Hoover,753-10-4880,"7972 Paul Union
Samuelmouth, VI 19018",Y,hours
145,Steven Peterson,822-05-5397,"889 Eric Springs Suite 620
North Chloe, UT 59552",N,miles
146,Allen Miller,054-78-4406,"125 Lynch Motorway Apt. 535
Port Emilyshire, SC 91603",Y,miles
147,David Johnson,199-08-9690,"829 Smith Bridge Apt. 377
Christopherberg, RI 29896",Y,miles
148,Kristin Morris,144-23-6398,"4335 Jennifer Ranch Apt. 231
East Candacefurt, WV 95118",Y,hours
149,Jordan Carpenter,193-08-1658,"0701 Toni Mission Suite 614
South Tanyabury, VI 28166",Y,miles
150,Bradley Collins,480-90-3213,"933 Medina Court
Lake Christopherstad, ID 20747",N,hours
151,Jason Smith,621-16-4349,"583 Seth Court
Haynesmouth, NJ 98350",Y,miles
152,Michelle Jones,361-12-2698,"1250 Waller Prairie
Watsonfort, DE 30856",N,hours
153,Christopher Vazquez,125-20-7491,"782 Matthew Manor Suite 563
Port Javierbury, MI 90120",Y,hours
154,Kathryn Johnson MD,711-84-9803,"957 Michelle Lane
Moyershire, CT 06695",N,hours
155,Michael Flores,509-09-4999,"4299 Scott Run Suite 149
New Katherineburgh, AK 33163",Y,miles
156,Pamela Curtis,278-72-2287,"317 Kirsten Station Apt. 133
Port Haleyhaven, MT 35834",Y,hours
157,Meredith Barnes,041-85-0310,"067 Alexis Canyon
East Michellemouth, NY 84783",N,hours
158,Patricia Martinez,463-39-0607,"Unit 0780 Box 2884
DPO AP 29063",Y,hours
159,Nicole Werner,380-14-7482,"327 Jones Dam Apt. 336
Charlesmouth, NM 30143",Y,hours
160,Gene Jones,667-67-7918,"6558 West Valley Apt. 735
New Jacqueline, AZ 05369",Y,hours
161,Timothy Taylor,459-93-4280,"41252 Linda Park
Griffintown, GA 23487",N,miles
162,Charles Randall,562-35-5895,"5205 Pearson Lights Suite 406
South Michaelmouth, NV 46948",Y,hours
163,Jonathan Lopez,897-24-5010,"398 Andrade Dale
Justinview, DC 44864",N,miles
164,Robin Rogers,839-85-3028,"653 Joshua Common
South Robertland, ID 56854",Y,hours
165,Kathleen Boyd,799-16-9740,"72745 Amy Squares
New Yeseniamouth, MT 56344",Y,miles
166,Jack Jones,726-93-8145,"3574 Vincent Mall
South Krystalside, PW 71259",Y,miles
167,Danielle Hahn,165-15-9479,"6130 Hill Cape
Paulafurt, OK 16317",N,miles
168,Michael Reyes,234-78-8211,"678 Figueroa Heights Apt. 930
South Alexamouth, LA 57188",Y,hours
169,Catherine Hoover,768-39-7031,"51544 Robert Village Suite 391
Port Terriberg, UT 33361",Y,miles
170,Amanda Johnson,632-51-2408,"416 Janet Lodge
Wilcoxberg, CA 84109",N,hours
171,Chelsea Ponce,812-28-1452,"050 Williams Oval Suite 925
North Carolynborough, IA 87687",Y,hours
172,Julie Mitchell,212-50-1325,"53660 Lauren Ford
South Alexis, TN 01948",Y,hours
173,Mandy Singh,628-07-4156,"83395 Brittany Roads
Brucemouth, ID 93789",N,hours
174,Jamie Hunter,612-17-5846,"5687 Lisa Island
Crystalland, OR 31189",Y,miles
175,Amber Johnson,823-92-6672,"1773 Patrick Corners
New Audrey, ND 04090",Y,miles
176,David Nguyen,015-26-6269,"402 Hampton Wall
North Jonathanville, IA 16622",N,hours
177,Gary Bryan,435-36-7628,"87607 Amber Fields
Johnsontown, IL 85729",Y,hours
178,Laura Parsons,018-89-7811,"154 Kaufman Shoals
Kirkchester, KS 08548",N,hours
179,Kathy Smith,445-09-2014,"39851 Osborne Orchard Suite 940
Scottmouth, MA 83499",N,miles
180,Ann Rodriguez,800-10-2888,"40275 Kathryn Throughway Apt. 511
North Edwin, TN 50369",Y,miles
181,Natasha Myers,120-58-5134,"726 Lee Shore Suite 585
Evanburgh, IL 96944",N,miles
182,David Thomas,247-09-4763,"44886 Miller Square Suite 755
Hooverton, AL 62053",N,hours
183,Michael Johnson,217-97-2240,"52363 Stone Summit Apt. 162
New Kristie, RI 91814",N,miles
184,Frank Ramirez,133-42-9519,"50439 Jordan Drives Suite 087
Amymouth, SD 60875",Y,miles
185,Paul Mann,797-54-0915,"75476 Austin Row
South Rodney, AZ 70610",N,miles
186,Wanda Beck,595-39-9563,"064 Michael Courts
South Denniston, OH 65117",Y,miles
187,Melissa Page,468-40-5862,"037 Amanda Vista Suite 856
Cruzton, SC 60608",Y,hours
188,Micheal Bishop,034-36-0985,"9608 Harris Bypass
New Cassandratown, GU 22067",Y,hours
189,John Villa,109-60-7100,"224 Park Unions
Jamesfurt, WI 39156",Y,hours
190,Steven Boyer,466-07-9227,"7380 Mccoy Prairie
Nguyenhaven, DE 71840",Y,miles
191,Samantha Hess,007-76-2877,"7934 Owen Terrace Apt. 582
Jonathanland, CA 06980",Y,miles
192,Laura Rivera,023-60-7836,"43052 Mary Radial Suite 932
Taylorton, NY 84701",N,hours
193,Sharon Beasley,706-24-7288,"Unit 9262 Box 1147
DPO AP 73561",Y,miles
194,Denise Pittman,036-49-7421,"58558 Jason Rapids
East Pamelatown, IN 70501",N,hours
195,Brenda Hughes,273-54-4221,"119 Lee Ways
Port Brittanyport, AK 97907",Y,miles
196,Paul Davis,821-64-5699,"87113 Cook Corner Apt. 222
Sanchezstad, VT 18957",Y,hours
197,Chad Watkins,439-73-2811,"8738 Steven Inlet Suite 306
Timothyburgh, HI 30945",N,miles
198,Sara Leon,441-25-8479,"PSC 1428, Box 7679
APO AE 09060",N,hours
199,Jerry Kramer,783-55-9961,"4199 Kim Expressway
Shawton, MN 07101",N,hours
200,Wesley Mata,175-71-7105,"2400 Mason Ranch Apt. 553
Guzmanfort, WY 45115",N,miles
201,Derrick Sanders,354-36-3467,"9347 Christine Passage
West Bradley, GA 11618",Y,miles
202,Heather Berger,863-75-4841,"PSC 3343, Box 2319
APO AP 15423",Y,hours
203,Kimberly Torres,093-76-0273,"90502 Young Tunnel Apt. 437
Lake Gina, CA 55121",N,miles
204,Sean Weiss,563-06-8535,"Unit 1112 Box 1606
DPO AP 49729",N,miles
205,Bonnie Harris,448-31-8438,"298 Flores Ville
Moorefort, MA 93316",Y,miles
206,Lisa Burgess,699-38-2578,"2399 Roberson Shoals
East Caleb, OK 93406",Y,hours
207,Timothy Olson,740-20-6570,"59405 Donna Estates
Port Aaron, ID 76452",N,miles
208,Charles Miranda,781-13-4827,"7840 William Landing Apt. 958
North James, WY 07313",Y,miles
209,Matthew Miller,697-66-2444,"74699 Rodgers Views
New Mark, MI 81118",Y,hours
210,Susan Martin,405-52-8115,"07911 Zachary Trail
South Sherry, HI 06009",N,hours
211,Victor Sherman,503-37-6831,"6048 Christopher Brooks
East Bobby, MP 14429",Y,hours
212,Megan Wood,840-57-6861,"5001 Heidi Manors
Lake Sandrahaven, MT 38580",Y,miles
213,James Martinez,371-32-5957,"99352 Lambert Courts Apt. 704
East Sarah, FL 24882",N,miles
214,Kim Rodriguez,323-64-9990,"94484 Keller Station
Patrickbury, MD 81135",N,miles
215,Laura Gomez,598-61-8412,"80704 Garcia Heights Apt. 421
Villegasside, WV 88050",N,hours
216,Lauren Young,035-68-3285,"2639 Mccoy Lodge Suite 237
Andreaport, MD 69827",N,miles
217,Cathy Harrison,574-24-7769,"365 Arnold Port Apt. 791
North Georgechester, KY 74734",N,hours
218,Gavin Hamilton,080-47-3968,"4097 Joshua Bypass Apt. 877
West Jamesstad, NJ 07898",Y,hours
219,Heather Garner,400-28-8624,"234 Latoya Creek Suite 719
Shelbymouth, ND 41257",N,miles
220,Megan Brown,741-02-2900,"6432 Sylvia Fort
Bobbyhaven, RI 84376",Y,hours
221,Christopher Mckee,342-80-1014,"70664 Garcia Glen
Lake Kathleenmouth, CO 02152",Y,hours
222,Deborah Goodwin,333-17-7144,"4844 John Forks
North Johnny, TN 42464",Y,miles
223,Travis Collier,409-98-7754,"56012 Elizabeth Falls
Coxmouth, MA 56986",Y,miles
224,Amanda Brown,340-90-6243,"659 Amanda Stravenue Apt. 522
Hooperbury, OH 47736",N,hours
225,Christopher Fuller,050-35-2933,"533 Katie Drive
Lake Bettyborough, FL 29975",Y,miles
226,Gregory Winters,581-04-0670,"48323 Anna Village Apt. 718
Port Markfurt, MP 43740",N,hours
227,Elizabeth Trujillo,759-98-9001,"3954 Page Field Suite 451
Port Amberburgh, IL 94562",Y,hours
228,Kevin Waller,688-31-0098,"2742 David Islands
New Timothyville, ND 11089",N,hours
229,Sara Cook,488-66-1288,"167 Robbins Mission
North Cynthiahaven, MP 36360",Y,hours
230,Joel Newman,765-91-6925,"329 Lawrence Village Apt. 463
Lake Sherry, NC 93082",Y,hours
231,Debra Mckinney,778-01-9735,"1450 Daniel Radial Suite 579
Millermouth, AS 53731",Y,hours
232,Lisa Fleming,687-49-6454,"233 Sara Flat Apt. 167
New Cynthiaside, NY 09576",Y,hours
233,Laurie Fitzgerald,277-73-1709,"26890 Sanchez Ports
Campbelltown, NC 31623",Y,hours
234,Kelsey Smith,271-95-8420,"0619 Patterson Underpass
New Brandon, ME 85844",Y,miles
235,Michael Clarke,338-66-8689,"Unit 7648 Box 5795
DPO AA 99370",Y,hours
236,Kimberly Rose,834-91-7070,"623 Jennings Fields Suite 283
Lake Shelleybury, VI 57659",Y,hours
237,Joseph Brown,362-31-6611,"10966 Jennifer Rapids
Port Justinberg, MI 48164",Y,miles
238,Jennifer Phillips,811-28-7176,"53930 Hall Landing
East Theresaburgh, WY 73739",Y,miles
239,Lisa Jones,453-52-7266,"509 Carter Light
Mcdonaldborough, IL 30629",Y,miles
240,Chelsey Bailey,511-52-3249,"24306 Molly Stream Suite 634
East Phillip, VT 01684",Y,hours
241,Kaitlyn Long,607-58-7117,"346 Hector Corner
Port Ryanberg, PW 51294",N,hours
242,Aimee Fields,392-96-2843,"PSC 4870, Box 3403
APO AP 43017",Y,miles
243,Christopher Cook,459-32-2001,"125 Mitchell Forks Apt. 854
Matthewhaven, UT 17609",N,miles
244,Michael Smith,802-78-3199,"434 Lara Walk Suite 998
North Bryan, ID 11259",Y,miles
245,Teresa Jones,155-96-1537,"Unit 4082 Box 8207
DPO AE 86052",Y,miles
246,Sandra Bryant,614-28-7149,"0757 Jennifer Street
Jerrystad, VA 38773",N,miles
247,Emily Russell,418-66-0204,"23672 Scott Springs Apt. 604
West Justin, CO 11477",N,miles
248,Bobby Stone,127-84-0401,"06081 Mcclure Turnpike Suite 653
Melissaport, MN 33216",Y,miles
249,Carol Holmes,833-82-6437,"506 Jason Meadow Apt. 331
Port Gregory, WA 54592",N,miles
250,Joel Donaldson,876-52-6223,"49552 Laura Way Suite 760
New Michele, PW 71937",Y,miles
251,Michael Thomas,680-97-7927,"2493 Thomas Junctions Suite 702
Millerbury, CA 53843",N,miles
252,Tiffany Hughes,772-61-2838,"7773 Stephanie Run Apt. 093
Stacyton, NY 62274",N,miles
253,Sarah Molina,633-84-1455,"1350 James Fort
West Michelleland, TN 99670",Y,hours
254,Nicole Fisher,015-17-0631,"980 Hester Mews Suite 862
Elizabethfurt, TX 21307",N,hours
255,Susan Cantrell,211-72-0953,"2395 Lisa Creek
Yorkhaven, NV 36041",N,miles
256,Tina Mendez,001-96-8508,"804 Amanda Lodge Apt. 407
East Michael, WV 66576",Y,miles
257,Jesse Morrison DDS,836-99-8694,"96211 Antonio Island Apt. 206
New Michael, IL 16533",N,miles
258,Joshua Lee,327-42-0387,"368 George Villages
Jacquelinestad, VI 30986",Y,miles
259,Timothy Cobb,449-09-2134,"2916 Peters Junction
East Tamaraburgh, AK 15138",Y,hours
260,Tammy Bell,247-03-1645,"3638 Devin Forks Suite 940
Jacksonside, NY 33029",Y,miles
261,Rebecca Brown,758-19-4314,"631 Wilson Oval Suite 184
East Bonniestad, MI 86517",Y,miles
262,Lori Smith,829-30-7919,"52028 Perkins Run Suite 619
Ashleeside, VA 72755",N,miles
263,Darren Hall,228-29-2980,"326 Scott Cliffs
Codyview, CA 29083",Y,miles
264,Jacob Carlson,006-05-2917,"7067 Campbell Shore
Ramirezmouth, MH 37517",N,hours
265,Jessica Scott,153-92-9201,"8910 Derrick Landing Suite 995
East Thomas, NV 85967",Y,hours
266,Corey Torres,517-45-6943,"8412 Justin Mountains Apt. 366
East Paul, DC 43964",Y,hours
267,John Collins,761-72-7953,"3907 Isaac Views
Michaelport, FL 01749",N,hours
268,Zachary Gardner,217-80-6767,"70093 Heather Mountains Apt. 441
New Billytown, ME 08615",Y,hours
269,James Ward,095-82-1893,"0617 Matthew Brooks
Brownland, AR 45191",Y,miles
270,Carlos Kirk,656-17-5528,"5691 Walsh Spring Suite 423
North Kelseybury, NM 89870",N,miles
271,Anne Sanchez,342-08-0917,"19724 Durham Pass Suite 878
North Keith, NE 57164",Y,miles
272,Emily Rogers,562-37-1444,"092 Cobb Lodge Suite 938
Lake Amber, DE 34130",Y,hours
273,Joshua Richards,543-43-8748,"Unit 8444 Box 5704
DPO AP 15616",Y,miles
274,John Rodriguez,174-50-6520,"6507 Smith Manors
East Rachelland, SD 66400",N,miles
275,Edwin Crawford,343-18-2527,"247 Hunter Grove
Michaelmouth, RI 05747",N,miles
276,Jason Morrow,707-17-4475,"1060 Ryan Forest Suite 961
West Toddmouth, TN 43264",Y,hours
277,Scott Lopez,155-14-5252,"7273 Jasmine Club Suite 512
Lisaport, NJ 77971",Y,miles
278,Susan Byrd,284-43-8609,"177 Mary Locks
Vincentview, HI 39751",Y,hours
279,Cynthia Camacho,118-46-5565,"595 Joseph Springs
West Jonathanville, OH 50241",N,hours
280,Carolyn Hood,059-80-2725,"9281 Eric Lock Suite 559
East Tomstad, OK 70401",Y,miles
281,Brittany Lee,259-98-9880,"83554 Cindy Cliffs Apt. 888
North Jasonshire, FM 32537",Y,miles
282,Hector Johnston,430-53-7206,"22709 Deborah Course
Marytown, AK 95668",Y,miles
283,Charles Mayer,605-60-1118,"Unit 7291 Box 6209
DPO AE 10312",Y,hours
284,Benjamin Allen,524-28-9509,"18548 Gutierrez Drive
South Willieside, RI 49568",Y,miles
285,Carolyn Hicks,465-55-8964,"85811 Melissa Union Apt. 852
New Codystad, MO 31146",Y,hours
286,Sara Miller,678-41-4945,"439 Combs Lodge
Lake Kelly, PW 27284",N,miles
287,Brett Miller,716-43-7943,"Unit 9839 Box 9016
DPO AP 56298",Y,miles
288,Miranda Mosley,321-23-8795,"70324 Nicole Way
East Sherrybury, DE 93440",Y,hours
289,Brandi Christensen,473-62-8952,"70675 Alyssa Branch
Brittneyfurt, AR 39589",N,miles
290,Grant Beck,166-24-7538,"8022 Samantha Dale Suite 360
Port Heatherside, MI 31264",Y,hours
291,Ashley Sawyer,176-77-9686,"14358 Bass Land
North Rachelport, OH 16933",Y,miles
292,Julia Miles,120-24-1661,"USNV Jennings
FPO AA 87062",Y,hours
293,John Cruz,569-11-6315,"177 Jonathon Row Suite 505
East Matthew, NY 57631",Y,hours
294,Jennifer Valencia,246-03-7284,"554 Alexander Dale
East Veronicashire, MD 37205",N,hours
295,Brandon Brandt,634-61-9436,"23634 Phyllis Falls Apt. 688
Port Kimberlytown, AK 38283",Y,hours
296,Breanna Wood,655-96-4211,"18674 Gutierrez Port
Schneiderfort, MT 35657",N,miles
297,Marie Braun,261-62-6789,"050 Jeffrey Locks Suite 098
North Nancy, MN 12663",N,hours
298,Ryan Navarro,615-34-5639,"9142 Sean Prairie Apt. 212
Michaelshire, WI 30275",N,hours
299,Sheila Dominguez,078-52-6887,"821 Ashley Curve Apt. 668
Port Sandra, NM 77623",Y,miles
300,Laura Bailey,739-13-1695,"USS Evans
FPO AE 72623",N,hours
301,Jacob Lyons,612-39-3174,"5193 Jennifer Track
Lake Arthurside, NJ 73341",Y,miles
302,Sarah Green,017-35-4394,"0447 Christopher Drive Suite 819
Virginiafurt, ME 98016",N,hours
303,Heather King,099-16-8010,"79873 Ray Springs Suite 472
New Rodney, WA 24116",N,hours
304,Jeremiah Bernard,331-34-9258,"666 Cheryl Well Apt. 945
East Michelle, MS 26654",N,hours
305,Whitney Rodriguez,779-24-9742,"54664 Morris Bridge
Lake Kaitlyn, AL 98607",N,miles
306,Joseph Taylor,305-65-7872,"USNS Cook
FPO AA 39785",Y,miles
307,Sheila Larson,872-95-7657,"18340 Bonnie Pike Suite 738
North Kevinmouth, RI 80844",N,miles
308,Crystal Roberts,007-15-8304,"7160 Jackson Locks
West Deannaside, VI 46504",N,hours
309,Samantha Gross,410-05-9481,"PSC 7083, Box 4547
APO AP 51894",Y,miles
310,Dorothy Ponce,354-07-5748,"77095 Gomez Overpass
North Joshua, WA 72861",Y,hours
311,Linda Gonzalez,641-77-6074,"2667 Anna Vista Apt. 075
West Cheryl, CT 91030",Y,hours
312,Katrina Stone,098-06-4038,"7217 Jennifer River
North Johnhaven, NC 73982",Y,miles
313,Benjamin Townsend,600-27-7385,"2794 Alicia Centers Apt. 193
Rodriguezborough, RI 23204",Y,miles
314,Margaret Watson,105-72-4607,"8600 Burton Radial Suite 670
Herreraport, AK 35940",Y,hours
315,Dr. Kevin Murphy,467-43-4888,"PSC 2231, Box 8243
APO AA 96847",N,miles
316,Heather Wood,718-31-9154,"895 Dawn Spur Suite 106
Thomasmouth, MP 58967",Y,miles
317,Heidi Howe,845-96-8869,"09504 White Ridges Suite 363
Patriciabury, MO 27002",Y,miles
318,Mark Chaney,255-63-2857,"10904 Gregory Rue Suite 783
Millerville, TN 57824",N,miles
319,Jose Johnson,357-26-7199,"6743 Christine Ports
New Victor, AZ 84009",N,hours
320,Bill Williams,750-08-8937,"88911 Boyer Ridge
South Ryanborough, MH 34633",N,miles
321,Amy Turner,695-01-3076,"PSC 2986, Box 1981
APO AP 37685",Y,miles
322,Kristine Stevens,145-87-3193,"733 Elizabeth Plain Apt. 244
Angelaburgh, PR 43254",N,hours
323,Todd Kane,676-10-6948,"560 Duncan Lane
Port William, AL 03463",Y,miles
324,Jane Rogers,347-14-0086,"565 Christine Cliffs Apt. 495
Keithfort, NH 78148",N,hours
325,Erin Bridges,070-55-8110,"593 Webb Fall Suite 642
Port Rodney, CA 83964",Y,hours
326,Cynthia Ward,458-47-8651,"24764 Christian Harbors
Davidtown, MD 07204",Y,hours
327,Mark Burns,778-66-0567,"44448 Eric Harbors
North Anthonymouth, OH 38576",N,miles
328,Brittany Young,733-96-9695,"4245 Richard Expressway Apt. 362
Erinburgh, WV 86586",Y,hours
329,Sara Powers,587-72-8076,"704 Denise Hollow Apt. 599
New Derrickburgh, PR 81268",Y,miles
330,Jennifer Thomas,292-49-2104,"PSC 1934, Box 3550
APO AE 91369",N,hours
331,Leah Pratt,308-86-4621,"44888 Smith Plains
Brittanymouth, IL 47635",Y,hours
332,Kendra Parrish,373-14-8495,"8579 Shields Valleys Suite 357
West Meganmouth, DE 46734",Y,hours
333,Stephanie Joyce,449-56-0233,"7099 Philip Keys Apt. 638
New Steve, MN 72634",Y,miles
334,Matthew Perez,794-21-6936,"0240 Juan Stravenue Suite 755
Jenniferport, WA 44150",Y,hours
335,Stacy Bryant,653-34-1242,"3111 Benjamin Ranch
Stricklandshire, AZ 66727",Y,hours
336,Heather Pitts,850-10-2374,"0564 Ashley Run
Harveyton, MD 70811",N,miles
337,Brenda Schmitt MD,813-89-4646,"250 Hanson Ranch Apt. 053
New Renee, WV 42802",Y,miles
338,Sarah Miller,366-13-4109,"6019 Wallace Islands Apt. 619
South William, MA 46640",N,hours
339,Michael Brown,423-17-8041,"948 Vega Knoll
Jamesfurt, IN 71286",N,hours
340,Joel Gay,050-74-4715,"544 Victoria Hill Apt. 824
New Ashleyview, NV 91338",N,miles
341,Alexandria Welch,554-17-3398,"374 Elizabeth Lights Suite 114
Gomezbury, NC 54231",N,miles
342,Sarah Peterson,300-25-3794,"9507 Allison Pass Apt. 151
Lake Shirley, OH 84248",N,miles
343,Shawn Olson,416-28-2940,"775 Torres Causeway Apt. 892
Aguilarbury, PW 31859",Y,hours
344,Michelle Young,108-25-0436,"29126 Jacob Brook
Sherrishire, RI 33236",N,hours
345,Angel Fernandez,720-58-4182,"45681 Rodney Ports Suite 778
East Christine, AS 30098",N,miles
346,Drew James,481-46-0922,"28602 Michael Burg
Marcustown, WV 59793",Y,hours
347,Samuel Campos,306-97-3483,"7605 Potter Alley Suite 087
Jessicaland, WY 33564",N,miles
348,Justin Sampson,446-32-2350,"92247 Chapman Rue
East Jessicaville, WI 72346",Y,miles
349,Eric Holden,421-29-4672,"669 Pitts Points
Terriview, MS 49279",N,hours
350,Tyler Rivera,763-48-5962,"669 Stephen Plaza
East Janetberg, OK 84484",Y,hours
351,Jon Davis PhD,528-28-5369,"219 Andrew Turnpike Suite 366
South Joycemouth, MS 32241",N,hours
352,Shelly Walker,305-64-6116,"319 Rose Estate
Lake Shane, UT 88558",N,miles
353,Christina Martinez,179-30-0764,"1127 David Junctions Apt. 230
Lake Tammy, ID 18116",Y,miles
354,Andrew Bush,540-20-3663,"2831 Zachary Path Apt. 522
Medinaville, NV 50178",N,hours
355,Tristan Herrera,560-23-6778,"9056 Chen Pine Apt. 329
Wrightborough, KY 99411",N,hours
356,John Lewis,263-71-4516,"2041 Kenneth Islands Apt. 685
Lisastad, PA 09127",N,hours
357,Morgan Sullivan,377-10-5092,"5861 Trevor Row
Jamesview, PW 94469",Y,hours
358,Jennifer Young,490-24-1294,"030 Jenny Harbors Apt. 033
Smithhaven, VI 62773",Y,miles
359,Jimmy Stephens,063-80-5571,"5170 Richard Pine
Port David, AK 62490",Y,hours
360,Lisa Jimenez,840-99-1856,"047 Michael Drives Apt. 948
Davidstad, TN 77359",Y,miles
361,Jason Morris,078-92-5913,"6844 Coleman Stream Suite 923
New Kaitlin, AS 94110",Y,hours
362,Amber Wilson,024-95-6636,"5372 Diaz Underpass
Port Jameschester, MO 89518",Y,miles
363,James Luna,516-35-5118,"41252 Jones Key
New Marilynfurt, OH 89276",Y,miles
364,Matthew Hawkins,801-40-4293,"23339 Heidi Rest Apt. 804
Joannahaven, WA 47243",Y,miles
365,Matthew Burnett,494-97-8910,"150 Javier Alley
Jameston, PW 42808",N,hours
366,Tyler Buckley,474-70-3134,"24015 Anderson Mews
East Michaelbury, NE 13193",N,miles
367,Christina Kim,066-18-5771,"0049 Leslie Meadow Apt. 314
Lake Sean, MH 27671",N,miles
368,Chelsea Duarte,255-40-1914,"75862 Wright Mission
West Codyburgh, AK 43341",Y,miles
369,Barbara Jarvis,758-93-7884,"8327 Teresa Summit
South Katherinechester, IN 06670",N,miles
370,Amy Jones,894-14-9663,"754 Kenneth Tunnel
Thompsonstad, DC 69766",Y,miles
371,Patricia Hicks,043-55-6913,"Unit 5616 Box 9859
DPO AP 49004",Y,hours
372,Victoria Jackson,151-88-1965,"Unit 4992 Box 5881
DPO AE 96003",Y,miles
373,Jennifer Espinoza,866-24-2365,"1369 Webb Row Apt. 630
Richardview, RI 88128",N,miles
374,Elizabeth Gregory,770-90-6559,"9714 Williamson Square Suite 834
New Heidi, VT 09095",N,hours
375,Jonathan Keller,375-71-2366,"USNV Sanchez
FPO AE 82939",N,hours
376,Dana Martin DDS,841-71-3972,"892 Kelli Camp
West Lawrencechester, NC 65683",N,miles
377,Brandon Miller,099-55-5418,"524 Deborah Dale Apt. 329
New Danielleport, IL 37987",Y,miles
378,Kimberly Richardson,479-79-2371,"00142 Natalie Prairie Apt. 875
Myerstown, AL 57408",Y,miles
379,Kristin Barnett,543-82-4891,"6256 Watson Crossroad Apt. 873
Courtneychester, OH 03239",Y,miles
380,Christina Rodriguez,415-57-6012,"PSC 8562, Box 9629
APO AE 62792",N,hours
381,Matthew Anderson,076-02-9535,"2740 Alicia Spring Apt. 012
West Matthewside, GA 65453",N,hours
382,Annette Wood,588-98-5658,"259 Moore Villages Suite 174
Dylanton, KS 91325",N,hours
383,Mary Carter,196-60-9922,"9638 Ramirez Lock Apt. 013
Brettfurt, MH 51107",Y,hours
384,Daniel Mendoza,837-99-5363,"82984 Walter Flats
Lake Donaldborough, TN 69201",Y,hours
385,Angela Cortez,039-04-9144,"14407 James Port
Elizabethtown, RI 49318",N,hours
386,Jonathan Kim,667-25-9939,"863 Rodriguez Mount Suite 438
Port Davidstad, IN 89392",N,miles
387,Kathy Mendez,283-26-1276,"62042 Decker Common Apt. 829
West Mariabury, DC 60708",Y,miles
388,Colleen Day,087-20-0754,"35499 James Hill
West Gregorymouth, VA 80302",N,hours
389,George Best,031-12-4359,"15292 Baker Lane Apt. 615
West Melissa, NJ 37196",N,miles
390,Dennis Santos,248-16-6593,"67709 Vargas Fall Suite 452
Wilkinsport, ND 04665",Y,hours
391,Raymond Hernandez,693-24-4184,"823 Schmidt Spurs Suite 652
Victorhaven, MO 62814",Y,miles
392,Dana York,410-60-4859,"53244 Smith Underpass
Lake Matthewtown, IA 33033",Y,miles
393,James Jones,596-72-6303,"95895 Kelly Greens
Susanborough, KY 64663",Y,miles
394,Linda Wallace,594-48-5243,"4672 Allison Street
Michelletown, MA 94856",Y,hours
395,Lisa Medina,202-74-4531,"09864 Jennifer Fork
Toddside, MP 98579",N,miles
396,Amanda White,878-94-4444,"7838 Marquez Track Suite 399
Port Michaelstad, IA 49867",N,hours
397,Todd Giles,137-19-5968,"8264 Cameron Way
South James, AZ 83978",N,miles
398,Ashley Hale,776-67-1476,"5427 Hoffman Isle Suite 280
Lake Christina, AK 98567",N,hours
399,Sarah Porter,621-62-2420,"05812 Bennett Neck Suite 828
Port Jeremystad, AS 22715",N,hours
400,Aaron Davis,092-66-0850,"PSC 7041, Box 6983
APO AE 58716",N,hours
401,Thomas Cook,079-31-8584,"9830 Brooke Rest Suite 610
East Donald, UT 87073",Y,hours
402,Wendy Mendez,682-60-1269,"1910 Davis Spur
Sandraside, WA 90858",Y,miles
403,Ryan Watkins,466-53-4456,"7402 Joanna Meadows Suite 566
Stevensberg, NE 43140",N,miles
404,Tara Moreno,495-66-1526,"37547 Johnson Ferry
North William, VA 56079",N,hours
405,Louis Meyer,146-22-6711,"448 William Fall
Port Michaeltown, UT 73156",N,miles
406,Thomas Jackson,431-90-7552,"027 Jordan Meadow
Lake William, MI 49271",Y,miles
407,Joshua Welch,274-95-3521,"5810 Colton Fields
North Ryan, OR 96258",Y,miles
408,Brian Barnes,826-65-0564,"313 Melissa Squares Suite 747
Davisland, OH 12854",Y,miles
409,Michael Rodriguez,563-05-2448,"USCGC Jones
FPO AP 95813",Y,miles
410,Brian Carroll,054-25-5010,"698 Cassandra Mission
Phillipsmouth, AR 22409",Y,hours
411,Parker Johnston,204-47-2379,"15548 Brian Ranch
Port Mollyfort, HI 78227",N,hours
412,Victoria Pugh,457-11-3048,"3086 David Isle
New Andrewburgh, OR 33310",Y,hours
413,David Holland,609-04-3373,"132 Mcdonald Corner
Johnview, AK 10449",N,miles
414,Diane Carson,633-39-4343,"58629 Miranda Court
East Kyle, PW 64537",N,hours
415,Christopher Wilson,373-01-1733,"71119 Charles Mount Suite 299
South Ryan, MA 38238",N,hours
416,Sandra Donaldson,656-99-9496,"61152 Bell Isle
Woodside, AL 31230",N,miles
417,Eric Briggs,059-44-0253,"207 Gary Hollow
East Jacqueline, WA 47015",Y,miles
418,Julie Hart,569-06-8768,"77703 Samuel Tunnel Suite 469
Butlerville, UT 84902",Y,miles
419,Dale Jordan,319-52-3694,"0797 Juan Forest Apt. 063
Robertton, NH 58184",N,hours
420,Mark Swanson,818-01-3765,"8036 Douglas Place Suite 838
New Richard, WI 26880",N,hours
421,Alyssa Cruz,890-23-2991,"1108 Meadows Falls Apt. 352
Randytown, NE 77049",N,miles
422,Mr. Kyle Cochran,668-66-7672,"828 Martin Flats
Joshuaport, MT 97153",Y,miles
423,Katherine Collins,104-63-9434,"2939 Daniel Parks Apt. 732
West Stevenfurt, MT 75727",Y,hours
424,Charles Davis,549-61-1888,"PSC 3273, Box 9936
APO AA 45640",N,hours
425,Briana Smith,712-05-7290,"46092 Sarah Prairie Suite 293
West Jessica, IN 93983",Y,miles
426,Richard Johnson,122-64-2847,"73404 Denise Junctions
South Chris, OK 36189",N,hours
427,Edward Snyder,469-27-6901,"8682 Watson Walks
Graystad, HI 58215",Y,hours
428,Ethan Peters,535-25-7286,"43070 Amanda Ridges Suite 620
East Jennifer, WI 27212",Y,miles
429,Stephen Noble,075-64-4771,"1765 Cruz Harbors
Wilsonmouth, NJ 18356",Y,miles
430,Tammy Harrison,568-72-5291,"10895 Martinez Parkway Apt. 873
New Samantha, IL 19721",N,miles
431,Mitchell Williams,621-29-4808,"27032 Cook Forest
Aguilarfurt, IL 66723",N,miles
432,Allison Brown,304-28-2729,"6046 Harrison Meadows
Gutierrezberg, MD 81867",N,miles
433,Thomas Elliott,117-31-0797,"7004 Jessica Place
Robertville, FM 97036",N,hours
434,Megan Adams,018-11-2596,"455 Lynn Mews Apt. 807
Lake Francesshire, TN 58940",Y,miles
435,Katie Espinoza,601-06-6053,"Unit 8071 Box 8659
DPO AP 93825",Y,hours
436,Kenneth Walker,605-91-3784,"198 Austin Estate
New Eddie, OR 84455",Y,miles
437,Victoria Byrd,484-09-3457,"35248 Michael Bypass
North Stephanie, AK 79829",N,hours
438,Timothy White,396-18-3089,"USNS Peterson
FPO AP 23381",Y,hours
439,Dana Gross,320-14-5006,"USS Garcia
FPO AP 04862",Y,miles
440,Lisa Thompson,010-10-5253,"PSC 1087, Box 8792
APO AE 93498",Y,hours
441,Vicki Turner,797-42-4864,"65979 Erin Lane Apt. 580
Carmenport, ME 90806",N,miles
442,James Fowler,654-81-3959,"0264 Farmer Villages Apt. 265
Richardsonburgh, AL 52426",N,miles
443,Dr. Jacqueline Jones MD,838-95-6146,"7405 Ryan Cove
Moorefurt, TN 21712",Y,miles
444,Heather Ford,180-29-6392,"5378 Sue Park Suite 101
Heidishire, AS 44854",N,miles
445,Nicole Ayers,893-78-1099,"5802 April Prairie
East Tomchester, WV 37958",Y,hours
446,Whitney Michael,786-92-9104,"8934 Willis Plaza
South Manuel, AK 11692",Y,hours
447,Heather Beck,503-38-7035,"52894 Bean Vista Apt. 576
New Garrett, MA 79027",Y,hours
448,Travis Chambers,711-19-0129,"913 Nicole Plain Suite 170
Joshuatown, MN 13147",N,hours
449,Joanne Gray,540-67-6934,"16396 Tara Manor
South Daniel, VT 43334",N,hours
450,Mariah Wallace,643-93-6456,"3012 Laura Terrace
Port Aliciastad, ID 25656",Y,miles
451,Michelle Valentine,139-11-6200,"USCGC Brown
FPO AA 79399",N,miles
452,Kimberly Phillips,193-34-4894,"9146 Taylor Drives Apt. 947
New Lindseychester, NJ 71625",Y,hours
453,Lisa Day,558-82-2505,"PSC 5234, Box 6594
APO AE 03185",Y,hours
454,Wesley Schmidt,305-22-3002,"06427 Eugene Hollow
Deleonchester, SC 57704",N,miles
455,Brooke Burgess PhD,848-62-6102,"835 Hamilton Path Apt. 921
Powersfurt, TX 75923",Y,hours
456,Nathaniel Miller,229-96-8950,"998 John Village
East Darin, OR 11022",Y,hours
457,Stacy Weaver,849-48-1026,"0724 Key Rapids Apt. 947
New Maryborough, VT 53214",N,hours
458,Kimberly Marsh,095-74-1330,"652 Mitchell Crest
Harrisshire, MS 36897",Y,hours
459,Jimmy Werner,546-26-1086,"0305 Dixon Burgs
North Colleenchester, WI 52417",Y,hours
460,Michael Carpenter,620-70-9427,"249 Montgomery Courts
New Michelle, CO 09119",Y,miles
461,Nancy Pena,683-67-6511,"79884 Horton Junctions Apt. 356
Lake Jade, WY 22915",N,hours
462,Laura Smith,239-62-3039,"280 Green Stream Suite 091
East Eric, AK 85896",N,hours
463,Rachel Gross,504-93-4377,"USNV Marquez
FPO AA 58328",Y,hours
464,Derek Thompson,297-50-4833,"11198 Tami Divide
Andersonville, MT 79520",Y,hours
465,Jessica Winters,220-87-0764,"0494 Guerrero Groves Apt. 121
North Mary, TN 99292",N,miles
466,Jeffrey Best,102-79-1728,"Unit 6365 Box 1691
DPO AE 13161",Y,miles
467,Victoria Miller,816-38-7002,"Unit 6346 Box 0936
DPO AP 27911",N,hours
468,Jose Kim,474-28-7079,"25286 Tommy Isle Apt. 622
West Christopherberg, FL 42568",N,miles
469,Ryan Miller,279-74-3860,"2591 Rita Circles Apt. 821
West Jerryport, AK 12109",Y,hours
470,Amanda Goodman,002-82-5002,"57178 Gill Isle Apt. 925
Port Shawnberg, KY 61488",Y,miles
471,David Clark,480-19-8386,"528 Gutierrez Ports
New Joseph, FL 78734",Y,miles
472,Christian Martinez,613-68-8765,"77435 Carrie Tunnel
East Kevinstad, PW 79683",N,hours
473,Andrew Jones,642-69-6983,"38746 Morales Ville
New Jonathanchester, ME 13334",N,miles
474,Taylor Shields,061-26-2248,"97228 King Mall Suite 320
Jasonshire, MT 12224",N,miles
475,Elizabeth Tran,054-12-7500,"740 Todd Overpass
West Robertside, ND 92472",Y,miles
476,Leah Owen,284-37-2585,"1527 Dean Field
Leonfurt, WI 61772",Y,miles
477,Jessica Miller,534-68-2095,"85659 Andrews Ford Suite 033
Robinsonview, CA 74252",Y,hours
478,William Cole,201-73-9712,"38070 Ricardo Drive
Brentview, MT 09274",N,hours
479,Kenneth Walton,178-48-5017,"785 Lee Gateway
Chloetown, WA 10701",N,miles
480,Erika Gonzalez,440-04-8677,"Unit 3708 Box 6083
DPO AP 07555",Y,hours
481,Harold Fisher,035-21-5706,"038 Tiffany Port
Dixonside, MD 14308",Y,miles
482,Mr. Matthew Cameron Jr.,565-44-5867,"Unit 5537 Box 9915
DPO AE 78672",N,hours
483,Michael Parker,048-89-3519,"029 Bowers Land
Aaronstad, MN 12044",N,hours
484,Elizabeth Wolf,615-44-5659,"1292 Hall Spur Suite 668
Lake Stacymouth, FL 48782",N,miles
485,Martha Rodriguez,030-70-4379,"23814 Valencia Locks Apt. 151
Michaelstad, OR 51027",N,hours
486,Ian Wilson,320-76-6340,"59980 Duffy Club Suite 934
South Michael, TN 30655",N,hours
487,Jonathan Hartman,240-43-2091,"4211 Kelly Bridge
Brandontown, PR 89913",N,miles
488,Luis Kent,746-99-6230,"457 Ortiz Creek
South Craig, NY 79314",N,hours
489,Michael Jones,399-28-8878,"15762 Jimenez Corners Apt. 261
New Marcusport, MS 21894",Y,hours
490,Michael Wagner,211-60-5836,"3926 Gardner Hills Apt. 519
New Derekview, NC 02569",Y,hours
491,Norma Kennedy,214-25-7789,"60646 Bobby Ramp
Mariahaven, OH 49186",Y,miles
492,Jamie Sawyer,785-37-7002,"38692 Abbott Drives Suite 748
Lake Brian, KS 78877",Y,hours
493,Steven Donovan,736-74-4935,"12468 Christopher View Suite 005
Granttown, CT 63104",Y,miles
494,Kyle Williams,644-22-6151,"876 Brad Street Suite 724
South Victoria, PR 76164",N,miles
495,Nicolas Ford,494-15-0252,"PSC 5530, Box 5382
APO AP 30311",Y,hours
496,Carolyn Johns,155-35-6837,"541 Brandon Island Suite 920
East Erikshire, CT 84674",Y,miles
497,Morgan Brooks,002-58-8329,"78950 John Tunnel Suite 124
South Micheal, UT 58392",Y,hours
498,Samantha Ramirez,685-36-6299,"3154 Cooper Forge Suite 282
Port Bradland, PA 22491",N,miles
499,Derrick Bruce,212-62-6316,"184 Griffith Stravenue Apt. 909
Gomezmouth, UT 17190",N,hours
500,Aaron Keith,022-86-1080,"53038 Schneider Way
Port Gregoryside, ND 51088",N,hours
501,David Fitzpatrick,100-29-3945,"Unit 7669 Box 8443
DPO AA 49421",N,hours
502,Ms. Candace Brown,339-35-8056,"USCGC Flynn
FPO AE 48481",Y,miles
503,Stephen Taylor,057-44-0203,"908 John Row Apt. 888
West Carolstad, MA 71079",Y,hours
504,Christopher Anthony,160-76-8921,"151 Wilson Corners
Johnhaven, NH 65410",Y,hours
505,Joshua Santiago,386-10-8724,"PSC 4814, Box 9028
APO AA 28038",N,miles
506,Dr. Jennifer Dixon,699-81-4305,"685 Stone Path
South Lawrence, GA 56471",Y,hours
507,Sandra Robinson,344-58-8564,"2243 Megan Drive
Lamburgh, NV 70785",N,miles
508,Adam Russell,886-67-7441,"253 Dana Village Suite 076
Lake Lindseyhaven, VT 43813",N,hours
509,Timothy Payne,305-86-4165,"9610 Michelle Oval Apt. 647
Adkinsbury, WY 49883",Y,hours
510,Brian Robbins,364-88-0216,"60178 Freeman Gardens
Elizabethland, AL 43019",Y,hours
511,John Stevens,170-92-7634,"995 House Light Suite 356
North Luisside, VI 09845",Y,hours
512,William Griffin,260-29-8348,"4198 Ponce Tunnel
Jamesshire, WV 33921",N,miles
513,Allison Lawson,355-52-7565,"511 Garcia Union Suite 707
Hernandezmouth, CO 56399",Y,miles
514,Brenda Barnes,486-65-8619,"663 Christopher Centers Apt. 159
Murrayborough, TX 63587",N,hours
515,Shirley Roman,113-85-6204,"PSC 0682, Box 9743
APO AP 35826",N,hours
516,Teresa Roberts,650-33-5970,"8839 Pedro Island
Port Joseph, MD 46816",Y,miles
517,Melissa Davis,785-98-6936,"2242 Janice Grove Suite 981
Port Danny, AZ 87448",Y,miles
518,April Brandt,438-65-7297,"20942 Mark Avenue Apt. 325
Port Jayhaven, KS 39585",Y,hours
519,Lydia Nguyen,851-43-1204,"65845 Lauren Way Suite 846
Ramirezberg, OR 39105",N,miles
520,Lindsay Brown,843-16-6964,"367 Lowe Loop
Alanmouth, DC 62334",Y,hours
521,Dr. Mary Watkins,593-37-0080,"067 Blake Place Suite 151
Lake Davidburgh, DC 90585",N,hours
522,Pamela Mejia,027-46-7618,"84171 Rogers Springs Suite 667
West Ryanfurt, GU 41547",N,hours
523,Karen Everett,532-27-1146,"275 Shannon Alley Suite 153
Lake Ronald, IN 43318",Y,miles
524,Connie Martinez,665-59-7709,"2883 Larsen Pines
North Ebonyville, MO 06580",Y,miles
525,Jennifer Wilkinson,329-80-8666,"0068 Miller Bypass
Jonesport, VT 82314",Y,hours
526,Danielle Wolf,408-94-9189,"39464 Jordan Heights Apt. 822
North Eric, NE 15602",Y,hours
527,Patricia Pearson,274-11-6800,"760 Smith Drive
Port Alexshire, OR 13504",N,hours
528,Jacqueline Douglas,694-53-5281,"1988 Matthew Ferry
East Adriennefort, ME 73555",N,miles
529,Elizabeth Paul,520-99-3546,"5251 Ayala Mills Suite 434
Cathyhaven, AK 80356",N,miles
530,Brendan Jones,715-21-3344,"9727 Ronald Summit
Sandovalmouth, AZ 94848",Y,hours
531,David Stevens,315-40-9156,"PSC 8927, Box 7025
APO AE 28473",N,hours
532,Christopher Burke,144-09-9811,"Unit 0996 Box 5159
DPO AP 82659",N,hours
533,Penny Padilla,708-33-1636,"USNV Glover
FPO AA 97951",Y,miles
534,Dustin Baker,138-30-9498,"01688 Christina Cliffs Suite 839
North Zachary, MN 54861",Y,hours
535,Barbara Vaughan,571-10-1202,"804 Griffith Throughway Suite 324
Kevinchester, MI 01310",N,hours
536,Rebekah Clark,878-76-0885,"757 Morales Haven Suite 237
East Danielleview, HI 80758",Y,miles
537,Kimberly Wilson,447-08-9171,"7593 Reed Ranch
Daviston, OH 98114",N,miles
538,David Green,700-28-1549,"50083 Troy Passage Apt. 335
East Aliciachester, MT 08123",Y,hours
539,Laurie Taylor,287-41-4283,"43010 Jenkins Ways Suite 761
New Rebekah, ME 30019",Y,miles
540,Joshua Stout,848-59-2576,"501 Reyes Divide Apt. 416
Barbarachester, NH 64970",Y,miles
541,Monica Beck,211-69-6293,"2914 Ortiz Views
Tammyview, TN 59971",Y,miles
542,Christopher Ball,313-69-8805,"43950 Ryan View
New Douglasview, MA 98097",N,miles
543,Anthony Nichols,634-76-5875,"7976 Steve Well Suite 032
West Davidchester, MP 81214",N,miles
544,Darrell Martin,772-15-7451,"5992 Lewis Orchard
Nancymouth, MT 93824",N,hours
545,Beth Rodriguez,561-65-6507,"170 Anderson Valley Apt. 011
Gibsonburgh, GU 57956",Y,miles
546,Timothy Wood,500-52-6360,"18664 Robert Radial Suite 339
Smithfurt, MN 69909",N,miles
547,Alexis Curtis,354-48-8517,"USNV Richards
FPO AA 79909",Y,hours
548,Jackson Olsen,627-64-7744,"12771 Bryan Tunnel
Leonardburgh, SD 63565",Y,hours
549,Frederick Wilson,640-80-2135,"USNV Hanson
FPO AA 10427",Y,hours
550,Cheryl Lawson,007-27-0195,"2167 Kevin Estate Apt. 181
New Madeline, NC 28042",N,hours
551,Marie Williams,377-09-3768,"USNS Smith
FPO AE 34900",N,hours
552,Joanne Olson,720-16-7802,"4728 Floyd Via Suite 197
West Susanbury, IA 81947",N,hours
553,Andrew Colon,372-19-9669,"95533 Jenkins Ranch
Teresamouth, VT 28785",N,hours
554,Robert Duncan,008-72-2048,"8432 Benjamin Walk Apt. 054
Lake John, MA 77348",N,miles
555,Tom Adams,627-53-9976,"23229 Stuart Lakes
Anneberg, KS 50635",Y,hours
556,Christina Rogers,163-05-4068,"439 Baker Corners
Troytown, CA 32675",N,miles
557,Christopher Brown,212-42-5745,"5594 Navarro Track
Josephbury, AS 73876",N,miles
558,Mr. David Oneill,241-33-7425,"118 Ford Heights Suite 507
South Christina, NE 16588",N,miles
559,Joanna Morrison,296-41-1539,"953 Carter Knolls Suite 838
Baileyfurt, PA 49088",Y,miles
560,Aaron Hunter,608-10-7394,"300 Thompson Pass Apt. 122
Ramseyport, VT 39665",Y,miles
561,Joseph Williams,447-30-0263,"72573 Amy Haven Apt. 737
Oconnorshire, CO 00847",Y,hours
562,Lauren Acosta,013-83-6606,"PSC 6495, Box 6031
APO AP 47492",Y,hours
563,Lucas Anderson,013-19-9372,"2857 Sellers Orchard
South Davidbury, RI 28896",N,miles
564,Deborah Snow,156-69-3984,"1288 Marks Trace
Jonesview, NY 11806",Y,hours
565,Alexandra Mclaughlin,874-62-8514,"5520 Hernandez Club Apt. 555
South Sherryshire, MH 64221",Y,miles
566,Molly Randall MD,099-77-4887,"48820 Robinson Hills Suite 764
Wardborough, UT 03892",N,miles
567,Jason Roberts,282-18-2457,"7296 Richards View
Lake Melissa, NY 75984",Y,miles
568,Ashley Boyle,190-02-5912,"2027 Robert Coves
Port Heathertown, LA 88708",N,hours
569,Randy Thompson,522-74-0096,"Unit 8621 Box 7672
DPO AP 89364",N,hours
570,Jacob Burton,197-97-6354,"438 William Inlet
Kevinfort, MT 26786",Y,hours
571,Jeffrey Jennings,468-84-2880,"117 Benjamin Ridge
New Tiffany, MI 10500",Y,hours
572,Jerry Lucas,803-10-5513,"8838 Carroll Street
North Isabella, NV 88322",N,miles
573,Juan Kim,602-41-7525,"576 Lauren Plaza Suite 029
Camposchester, TN 89066",Y,hours
574,Maria Mora,476-73-4055,"USS Watkins
FPO AA 24921",Y,hours
575,Janet Peterson,546-18-2962,"82327 Carrie Drive
Spencerview, MN 42309",N,hours
576,Sheila Sanders,474-07-5779,"32245 Cox Avenue
Caseybury, SD 58071",Y,hours
577,Michelle Burns,616-14-0702,"038 Novak Landing Apt. 421
Perryfort, CO 56750",Y,hours
578,Taylor Johnston,801-76-3789,"77399 Cassandra Estate
Luisstad, AR 41257",Y,miles
579,Breanna Williams,301-79-1157,"52569 Bowen Lodge
Kellyville, OK 40853",Y,hours
580,Kellie Stephenson,698-66-4542,"602 Grant Station
Kevinmouth, KY 61870",N,miles
581,Sarah Nelson,538-85-5514,"870 Christopher Mountains
Gonzalezview, AR 99304",Y,hours
582,Terri Khan,038-37-6484,"USNV Henderson
FPO AP 35284",N,hours
583,Phillip Peterson,524-45-4504,"65250 Pierce Mission
North Katietown, VA 88165",N,hours
584,Michelle Tran,805-94-9572,"7671 Andrea Lights Suite 367
Patelland, MD 24396",Y,miles
585,Charles Lucas,284-69-0976,"734 Lewis Cliff
Griffinport, AR 86280",Y,miles
586,Brandon Schneider,246-54-7988,"61799 Nolan Expressway Suite 939
Currytown, OK 63851",Y,miles
587,David Chaney,671-02-0082,"825 Nelson Village Suite 339
Floresburgh, AZ 92522",N,hours
588,Adam Spence,254-38-3180,"364 Drake Curve
Williamstad, MP 70199",Y,hours
589,Elaine Williams,320-59-6141,"Unit 3703 Box 7390
DPO AP 90911",N,hours
590,Ariel Martin,137-07-7373,"96541 Gilmore Coves Suite 023
Kingside, WA 37307",N,miles
591,Briana Mckinney,847-55-8064,"906 White Extension
North Ryan, MA 61520",Y,miles
592,Christopher York,319-72-7946,"19087 Andrea Mountain Suite 456
Davisville, WI 62780",N,miles
593,Brandon Lee,656-53-7590,"66243 Whitehead Shoals
Donnaview, KY 12021",N,hours
594,Robin Lamb,600-86-9424,"87507 Latasha Meadow
East Allisonmouth, NM 92036",N,miles
595,Jackie Woods,607-65-3198,"948 Evans Lights Suite 329
Ashleyborough, NC 06933",N,hours
596,Mrs. Janet Crosby DVM,535-94-3144,"458 Nelson Gardens
Morrisonfurt, KY 76096",Y,hours
597,Susan Wells,004-02-3208,"43590 Brittany Crescent
East Brenda, OH 85583",N,miles
598,Charles Sullivan,401-60-9059,"9946 Charles Garden
Walkershire, MO 35059",Y,miles
599,Stacy Smith,848-87-7954,"28719 Marc Expressway
Chambersmouth, OH 47462",Y,hours
600,Rebecca Castro,249-02-6964,"41163 Sanchez Skyway Suite 291
Zimmermanborough, DC 29782",Y,miles
601,Charles Curtis,806-40-4234,"91476 Zimmerman Bridge
Jorgetown, SC 73936",N,miles
602,Herbert Mitchell,428-21-4890,"25194 Davis Flats Suite 839
West Krista, MA 71090",N,miles
603,Tracey Nelson,270-36-8013,"8515 Peter Skyway Suite 579
West Melanie, CO 65167",Y,hours
604,Kristin Jackson,563-17-2034,"3402 Michael Causeway Apt. 667
Port Douglas, OR 08330",N,miles
605,Amanda Webb,798-54-7440,"455 Lee Cape Apt. 460
Mcgeemouth, NE 62950",N,miles
606,Benjamin Aguilar,737-21-5270,"909 Weaver Summit Suite 759
Nathanieltown, HI 73647",N,hours
607,Donald Reyes,875-69-7317,"8728 Scott Skyway Suite 697
North Caleb, NH 00801",N,hours
608,Nicholas Price,888-91-4570,"29828 Amber Canyon Suite 820
Martinezstad, AZ 08177",Y,hours
609,Jessica Chavez,567-73-8120,"9479 Bennett Villages Apt. 802
Chadchester, FM 16829",N,miles
610,Ms. Jane Tran,525-25-1005,"16699 Joseph Light Apt. 943
Aprilfort, TX 21693",N,hours
611,Dawn Graham,355-62-4830,"Unit 0211 Box 7331
DPO AA 44734",N,hours
612,Joseph Mendoza,265-18-9516,"48794 Wilson Pike
Lake Wesley, NE 78971",Y,hours
613,John Villegas,494-46-4392,"USNS Steele
FPO AA 28607",Y,miles
614,Kayla Torres,687-02-8106,"9460 Evelyn Alley
East Lindaville, SD 61678",Y,hours
615,Justin Woods,199-62-0654,"6719 Bryan Cove Suite 640
South Ashley, NM 32824",N,miles
616,Morgan Flowers,174-57-8519,"9627 Nicole Way Apt. 644
Lauraside, NH 20965",Y,hours
617,Alec Stevens,887-74-6574,"64884 Leon Way Suite 016
East Carol, DC 64665",Y,miles
618,John Turner,767-53-5482,"571 Diaz Mission Suite 774
Bowmanside, AL 90925",N,miles
619,Karen Love,885-60-6342,"419 Romero Unions
Port Ryan, GA 30249",N,hours
620,Lisa Ellis,454-27-8071,"1558 Miles Expressway
East Teresabury, AZ 13418",Y,miles
621,Shane Simpson,505-17-0251,"62392 Sanchez Rue
South Johnmouth, MT 38454",N,miles
622,Jaclyn Roy,762-87-3960,"94936 Cook Street
West Steven, OR 52974",N,miles
623,Amanda Perry,351-87-7808,"386 Kayla Coves
Weissbury, MS 87391",N,miles
624,Terri Molina,187-87-8880,"89251 Campbell Lights Suite 364
North Ryan, OH 23969",Y,hours
625,Pamela Perry,839-46-2832,"814 Davis Junction
Lake Christopher, VT 71194",Y,miles
626,Mary Silva,403-30-7189,"17623 Teresa Summit Suite 623
Luisland, VI 89170",Y,miles
627,Jessica Young,636-40-3408,"5419 Thomas Ports
Kimberlychester, PA 49907",N,hours
628,Rebecca Downs,381-97-1466,"024 Jacob Forest
Jonathanborough, NJ 03315",Y,miles
629,Daniel Chandler DVM,368-66-6719,"85640 Tonya Grove
East Jillian, TN 38367",Y,miles
630,Virginia Ortiz,863-52-0922,"0437 Miller Plain Suite 570
Port Richard, AS 93015",N,miles
631,Amanda Wolf DDS,311-50-4521,"04785 David Cliff Apt. 339
Markland, KS 89402",Y,hours
632,Melissa Burns,282-05-9342,"21233 Jonathan Circles
Vickiemouth, VI 54106",Y,hours
633,Diana Walker,072-67-6890,"2315 Timothy Isle
Port Daniel, ND 31355",N,miles
634,Jacqueline Stevens,162-01-5047,"702 Johnson Fords
Lake Toddmouth, WV 35033",Y,miles
635,Laurie Mitchell,049-28-1352,"11482 William Ridge Suite 190
North Miguelshire, OK 85526",Y,hours
636,Keith Thomas,167-16-0148,"PSC 3670, Box 8990
APO AA 86044",N,miles
637,Anna King,012-13-6140,"38005 Burgess Turnpike
Charlesmouth, MS 93400",N,hours
638,Joshua Rose,525-97-9609,"10923 Stephanie Parks
South Vanessa, WI 77345",N,hours
639,Laura Johnson,208-14-8719,"USNS Goodman
FPO AA 77464",N,miles
640,Michael Bowers,372-75-1622,"433 Andrew Run
Wongton, CO 81761",Y,hours
641,Jimmy Jordan,363-30-5677,"4094 Smith Mountain Suite 522
West Marcus, MO 96990",N,hours
642,Richard Bauer,794-42-0262,"7609 Eric Estates
Jasonshire, VT 46746",N,hours
643,Crystal Jones,159-10-2937,"USNV Harris
FPO AP 82914",Y,miles
644,Ryan Reid,884-79-7239,"081 Angela Loop Suite 659
West Janetfurt, CA 80753",N,miles
645,James Peterson,890-87-7340,"0969 Austin Squares
South John, AL 65409",Y,miles
646,Tracy Obrien,873-31-9186,"422 Kimberly Causeway
East Phillipmouth, ME 64405",Y,hours
647,Victoria Jones,319-08-4320,"PSC 8114, Box 4650
APO AE 99275",N,hours
648,Lori Dorsey,669-63-9670,"1937 Torres Summit Suite 758
North Michelle, SD 48787",Y,miles
649,Noah Hancock,736-43-4003,"704 Linda Lights Suite 001
Elizabethhaven, NC 78733",N,hours
650,Mark Martinez,323-15-4021,"78665 Cameron Tunnel
Michelletown, OH 42281",N,hours
651,Virginia Delacruz,069-76-3650,"USNV Dalton
FPO AP 96129",Y,hours
652,Renee Martin,565-94-4701,"USNV Duncan
FPO AE 32616",Y,hours
653,Amanda Russell,198-62-4506,"043 Christopher Spring
East Michelleshire, MD 73340",Y,miles
654,Gina Smith,317-49-9605,"8821 Elliott Fork Apt. 553
North Jimmyville, VT 40294",N,hours
655,Thomas Morgan,862-16-5427,"228 Chen Prairie
Port Linda, GA 97432",N,hours
656,Faith Dixon,188-71-3214,"282 Crystal Pine Suite 410
East Seanmouth, CT 64670",Y,miles
657,John Webster,432-97-8361,"106 Robinson Branch
Wattstown, NM 48422",Y,hours
658,Nicholas Salinas,167-19-0612,"1214 Jeffrey Streets
Lake Melanie, SC 06001",N,miles
659,Michael Fernandez,408-12-9782,"21621 Audrey Cove Apt. 269
Carlafort, FL 94058",Y,hours
660,Christopher Hughes,395-05-7694,"9778 Obrien Pines Suite 988
North Susanland, OH 26546",Y,miles
661,Emma Davis,237-72-5686,"64064 Duane Mountains
Allentown, MA 58148",N,miles
662,Manuel Brooks,795-23-8330,"5908 Karen Unions
North Timothy, KS 04657",N,hours
663,Kelsey Clements,318-38-6595,"85358 Mitchell Squares
West Laurashire, NC 80148",N,miles
664,Kevin Thompson,253-95-5640,"251 Barnett Green
New Melanieborough, AS 17738",N,hours
665,Tony Francis,287-08-6211,"20912 Rebekah Tunnel
Lake Pamela, AK 35208",N,hours
666,Ashlee Walker,786-95-5644,"11490 Jacob Drive Suite 988
New Migueltown, KS 38473",Y,miles
667,Jonathan Potts,670-04-4281,"648 Joshua Trail Suite 220
West Kelseyland, MH 32020",Y,miles
668,Jake Evans,645-38-8921,"35020 Nelson Pines
Williammouth, WY 33651",Y,miles
669,Cindy King,591-72-4528,"94389 Jeremy Squares
Nicholasborough, PW 05478",Y,hours
670,Michael Harper,439-33-4871,"4589 Heather Mill
North Steven, SD 46525",N,miles
671,Gregory Martinez,190-64-2311,"83560 Thomas Squares Suite 860
Christophertown, WA 74408",Y,hours
672,Michael Smith,872-13-1310,"79481 Stephen Cove
West Matthewmouth, MA 39642",N,miles
673,Lisa Booker,368-70-5353,"66100 Jones Stravenue
Ramosshire, NE 37249",Y,miles
674,Michelle Dalton,091-94-0531,"54946 Wilson Gardens Apt. 442
Jessicaview, IN 69108",N,miles
675,David Bartlett,078-84-4553,"533 Ramos Passage Suite 231
East Danielmouth, NV 72246",Y,hours
676,Robert Thompson,238-53-3680,"5312 Roberts Passage Apt. 939
West Matthew, PA 96729",Y,hours
677,Heidi Washington,243-86-7663,"245 Carter Island Apt. 532
Lake Cheryl, OH 77625",N,hours
678,Laurie Underwood,528-78-1422,"37854 Garcia Mill Suite 284
Petersonmouth, AL 15885",N,hours
679,Rebecca Murray,733-40-4049,"0788 Price Forge
Pereztown, NV 24100",N,hours
680,Matthew Blackburn,101-55-1549,"USS Lopez
FPO AA 20839",Y,hours
681,Brady Bell,245-33-2868,"79314 Taylor Point Suite 662
Lake Kathleenmouth, VT 94408",Y,miles
682,Kristen Johnson,646-06-8758,"078 Carey Flat Apt. 017
Jacquelineview, NJ 96788",N,miles
683,Alexandra Gonzales,193-61-6216,"307 Zachary Courts Suite 864
Pearsonberg, CT 25969",N,hours
684,Ashley Wilcox,578-04-3421,"59024 Sandra Springs Suite 324
Johnsontown, OK 29722",N,miles
685,Karen Mcdonald,106-59-5480,"32327 Zachary Spurs
Ashleyton, WY 16807",N,miles
686,Susan Gonzalez,594-65-7499,"503 Mooney Spur
Esparzabury, WY 99498",N,miles
687,Dustin Kelly,162-68-4546,"47164 Christina Ranch Apt. 642
Port Lori, MT 66532",Y,miles
688,Kenneth Daniels,720-30-9973,"358 Jennifer Crossing
East Charlesstad, AS 10764",N,hours
689,Shannon Williams,180-65-0976,"1109 Katelyn Unions Suite 397
East Jessica, OR 47737",Y,hours
690,Melissa Melendez,252-27-0941,"5364 Walker Passage Apt. 086
New Stephanie, GA 55206",N,miles
691,Martha Stewart,461-32-5540,"9339 Gonzalez Mews
Matthewview, ME 05140",N,hours
692,Steve Gutierrez,076-40-5147,"665 Tucker Fords Apt. 331
Cristinafort, MP 12462",N,hours
693,Samuel Martinez,232-46-4190,"5562 Burton Centers Suite 230
Kellyview, AS 91576",N,hours
694,Alex Madden,501-36-8751,"938 Bennett Avenue
Andersonport, TN 91043",Y,miles
695,Michelle Rivas,805-88-0722,"Unit 6272 Box 0063
DPO AP 44632",Y,miles
696,Joshua Gutierrez,823-35-1984,"11533 Brittney Mountains
Ginaside, NY 67319",N,miles
697,Sharon Marshall,701-90-7897,"410 Michael Street
North Mariahaven, MN 55098",N,miles
698,Mrs. Ebony Duarte,024-54-1773,"5413 Taylor Club Apt. 924
New Lawrence, VI 55051",Y,hours
699,Katherine Barron,485-93-5552,"853 Benjamin Turnpike Apt. 489
South Lisafurt, PA 60613",Y,hours
700,Tracy Collins,555-58-6435,"4185 Gardner Valleys Suite 020
Drakemouth, NE 07573",Y,miles
701,Jeff Phelps,398-89-5501,"479 Alvarez Plains Suite 463
East Joseph, UT 87407",Y,hours
702,Gregory Jones,032-38-6264,"154 Richardson Ranch
Larryberg, NV 01039",N,hours
703,Natalie Ramos,075-96-0853,"5270 Patterson Inlet
Teresaside, MD 35670",Y,miles
704,Valerie Davis,592-08-1077,"1809 Oliver Fort
Lake Andrea, CA 89621",Y,miles
705,Zachary Long,505-32-1743,"05735 Tyler Square Suite 779
Carlsonville, SC 05740",N,miles
706,Lisa Jones,546-79-6489,"48905 Lloyd View Suite 301
West Jacob, ND 83840",Y,miles
707,Troy Best,823-21-6188,"72496 Pierce Mission
Lake Stacy, DE 93479",Y,hours
708,William Garza,790-78-5040,"753 Lawrence Isle
North Marcusberg, WV 52494",Y,miles
709,Wanda Dunlap,027-34-9859,"52251 Stephanie Light Suite 521
North Lauraview, NH 84284",N,miles
710,Julie Moore,437-54-5870,"649 Ashley Hollow
Hendricksmouth, MN 42565",N,miles
711,Jacqueline Henry,590-62-6682,"263 Christopher Ways Suite 527
Port Victoriaton, IA 87800",Y,miles
712,Samuel Russell,393-94-1752,"61449 Sarah Circles Apt. 951
North Pamelastad, HI 36109",N,hours
713,Michael Howard,741-98-8491,"701 Nicholas Highway
Madisontown, SD 48879",Y,hours
714,Jason Jennings,752-20-0230,"6010 Molina Shoal
Thomaschester, CT 42378",N,miles
715,Linda Norman,254-58-6897,"9409 Baker Overpass Apt. 513
Lake Daniel, MN 00837",N,miles
716,Courtney Juarez,227-91-3060,"630 Mason Flats Apt. 886
West Patricia, IA 31608",Y,miles
717,Ruben Chapman,776-32-2714,"USS Campos
FPO AA 47517",Y,miles
718,Susan White,038-02-0621,"33624 Wood Wall
New Paulaburgh, ND 41616",N,miles
719,Charles Edwards,030-78-4101,"2519 Torres Lock
Susanberg, AK 63594",N,miles
720,Marcus Alvarado,573-55-1390,"167 John Pike
Tuckerland, LA 52010",N,miles
721,Kathryn Yoder,390-24-6084,"Unit 3333 Box 4348
DPO AA 27050",N,hours
722,Casey Thompson,313-71-0738,"94870 Paul Plains Apt. 623
South Jeremy, DC 23372",N,miles
723,Anthony King,686-82-4401,"6959 Bullock Stravenue
Lake Zacharyburgh, UT 08696",N,hours
724,Ryan Wade MD,133-67-3793,"72241 Andrew Crest Apt. 107
Lake Damon, AR 95722",Y,hours
725,Kim Mills,387-95-8137,"608 Wanda Grove
Wheelerbury, IL 96607",N,hours
726,Maria Sanchez,042-29-8967,"8133 Lin Ramp Suite 588
Lake Ashleyville, WY 23390",N,hours
727,Charles Cummings,490-81-9117,"1184 Nguyen Street Apt. 945
Taylortown, NV 98462",N,miles
728,Jennifer Salazar,191-75-2799,"056 Oliver Squares Apt. 472
Lake Cindy, AR 59245",N,hours
729,Megan Pollard,683-18-2651,"4286 Rodriguez Brook
Joshuachester, GU 74849",N,miles
730,Heather Gomez,219-97-0197,"47209 Hernandez Cove
Port Lauraview, OK 46848",Y,miles
731,Jesse Barber,529-46-6041,"8078 Finley Dam
Wilsonville, WV 01453",N,hours
732,Lori Dennis,170-77-3478,"6489 Jonathan Greens
West Ryanmouth, VT 09675",N,miles
733,Mrs. Susan Santiago,337-84-0204,"6391 Romero Circles Suite 398
Peggyland, WA 26654",N,hours
734,Amy Glass,331-41-0529,"00514 Kevin Crossroad Suite 364
Lake Andrehaven, HI 91793",N,hours
735,Karen Thomas,861-40-9635,"0011 Brown Track Suite 425
Carneytown, MD 93699",N,hours
736,Alec Ramos,143-33-3677,"579 Middleton Streets
Torresmouth, PW 94221",N,miles
737,Lisa Harrington,710-72-1582,"531 Reynolds Place
West Jose, MT 67800",Y,miles
738,Kurt Archer,630-06-0894,"5770 Lewis Curve Apt. 507
South Hannahshire, NH 72933",N,miles
739,Kelly Morgan,281-63-9853,"5777 Eric Brook
South Daniel, CT 97782",Y,hours
740,Holly Clark,437-41-7883,"453 Sutton Branch
West Carmen, VI 30074",N,hours
741,Ryan Lang,557-38-8022,"8567 Megan Hill Suite 741
Cherylmouth, NM 29263",Y,miles
742,Katie Farmer,467-32-7661,"66676 Wolf Passage
Ginaberg, MD 49729",Y,miles
743,William Baird,596-06-1861,"78179 Erica Meadows Apt. 383
Lake Donald, SD 07422",N,hours
744,Richard Graham,524-26-8768,"7721 Michael Green
Port Sergio, UT 15050",Y,hours
745,Megan Cooper,254-31-1575,"5407 Turner Well
Bushmouth, CT 15774",N,hours
746,Russell Hammond,222-70-4606,"1791 Ruth Summit Suite 866
Turnerside, TN 78403",Y,miles
747,Ashley Cox,307-79-6059,"431 Sullivan Row
Hermanton, MI 54723",Y,miles
748,Summer Martin,405-72-0509,"813 Moss Tunnel Suite 300
Port Brookeborough, NM 56849",Y,miles
749,Billy Johnson,777-38-5452,"46222 Smith Camp
New Jennifer, NC 07240",Y,hours
750,Kerry Washington,586-42-0833,"970 Anna Landing Apt. 950
East Ryan, MH 59257",Y,miles
751,Kimberly Palmer,588-12-1889,"353 Elijah Pines Apt. 187
Jenkinsmouth, GU 22502",Y,miles
752,Yvonne Smith MD,841-68-1319,"1963 Mendoza Shoals Suite 417
North Nancyland, GU 46554",N,hours
753,Katelyn Mason,851-80-5607,"880 Jose Tunnel
Hurleytown, HI 49120",Y,miles
754,Jennifer Holmes,270-05-6122,"98194 Carey Cliffs Suite 980
Terryshire, FM 54403",N,hours
755,Natasha Bishop,861-37-6265,"5689 Gina Unions Apt. 089
Lake Alicia, SD 12556",N,miles
756,Ronald Sherman,136-45-1021,"5782 Sharon Trace Suite 828
New Michelle, KY 68847",N,miles
757,Cynthia Bailey,722-75-2067,"96357 Estrada Highway Apt. 982
Lake Jeffrey, OR 65335",Y,hours
758,Jessica Gomez,321-04-6333,"47374 Jacqueline Inlet
Hickstown, NH 40687",Y,hours
759,Jordan Long DVM,721-27-7622,"USCGC Scott
FPO AE 72894",Y,hours
760,Alexis Marshall,808-02-7845,"Unit 1846 Box 9982
DPO AP 22170",N,miles
761,Gregory Wheeler,360-05-3517,"3854 Smith Forge Suite 771
Amandaland, NH 39425",Y,miles
762,Robert Lowe,587-12-1150,"8624 Ho Isle Suite 614
Kellerport, KY 92510",N,hours
763,Martin Harrell,883-30-6474,"2901 Holland Islands
Wilsonview, NC 28114",Y,hours
764,Ashley Morgan,265-02-3344,"789 David Ports
Stephenburgh, MI 88461",N,miles
765,Michelle White,594-88-2053,"19123 Dustin Trail
Port Kristinburgh, CA 64611",N,hours
766,Bill Love,530-40-2856,"79134 Le Light Apt. 064
Lake Sue, LA 72830",Y,miles
767,David Mendoza,843-72-8588,"74308 Jason Harbors Apt. 847
Nelsonfurt, IN 18344",N,hours
768,Holly Turner,119-42-7890,"947 Lucas Cliff Apt. 295
Lake Thomasbury, CA 32280",N,hours
769,Valerie Johns,605-81-9022,"5325 Brian Neck
Dodsonville, MI 77330",Y,miles
770,James Maldonado,766-23-6089,"45770 Monique Gardens Apt. 473
Jacksonton, PR 27302",N,hours
771,Steven Clark,343-50-2995,"8814 Johnson Shore
Mcdonaldside, OK 17690",N,miles
772,Brandi Adams,565-90-7628,"92968 Barnes Harbors Suite 207
Chapmanfort, AS 64144",N,hours
773,Thomas Campbell,217-91-7057,"6535 Ryan Manors
Roberttown, SC 35060",Y,hours
774,Regina Wallace,891-87-9779,"76338 Edwards Points
New Jessicatown, SD 59998",Y,hours
775,Monica Williams,269-29-8332,"Unit 8176 Box 9169
DPO AE 38298",N,hours
776,Willie Moran,894-44-8779,"901 Richards Village Apt. 719
North Amber, PW 15631",Y,miles
777,Michael Burnett,023-39-5098,"USNS Bennett
FPO AP 78143",Y,hours
778,David Thompson,354-01-7743,"699 Nathan Well
South Lisa, ID 91695",N,hours
779,Rebecca Myers,791-82-0193,"754 Holmes Plains
Saundersfurt, PR 09711",Y,miles
780,David Waters,428-20-8800,"205 Owens Parks
Berrybury, KS 37197",N,hours
781,Natasha Cooper,436-25-8328,"5112 Sanchez Dale
New Crystal, WI 90225",Y,miles
782,Tonya Martinez,331-32-9999,"76270 Fields Burgs Suite 361
Thomasborough, CT 25808",Y,miles
783,Michael Brewer,010-28-7989,"58287 Ellis Trail
Kellyland, GA 42416",N,hours
784,Mary Shields,629-64-7538,"7215 Pierce Trace
Gabrielmouth, IA 86530",N,hours
785,Nathan Robertson,243-77-3027,"91209 Autumn Village Suite 145
New Stephanie, AR 18252",N,hours
786,Faith Baker,444-22-9743,"33256 Sarah Trafficway
Port Andrewbury, AR 91472",N,hours
787,Nicholas Berger,522-81-2518,"4555 Jennifer Avenue Apt. 401
Michaeltown, GU 56769",N,miles
788,Jennifer Pierce,137-92-0809,"81699 Tanya Isle Apt. 422
North Alicia, GA 62583",N,miles
789,Christopher Hobbs,232-97-0561,"1467 Camacho Creek
Townsendborough, AK 42594",N,miles
790,Carrie Cook,671-07-3902,"USNV Wood
FPO AA 47162",N,miles
791,Yvonne Lewis,095-24-0232,"365 Turner Station
Marialand, NV 99358",Y,miles
792,Robin Lee,046-65-2379,"PSC 6767, Box 0302
APO AE 59883",N,hours
793,Ronald Finley,840-16-2807,"PSC 6656, Box 8635
APO AP 56024",N,miles
794,James Walker,027-91-5053,"475 Mary Summit Suite 461
Thomasport, WA 47188",Y,miles
795,Deborah Guzman,060-71-8392,"Unit 2863 Box 9129
DPO AA 92505",N,miles
796,Caitlin Hicks,107-04-1936,"36344 Nash Bypass
Alishachester, MT 09088",Y,miles
797,Charles Williams,278-61-3884,"Unit 9585 Box 1536
DPO AP 54985",Y,hours
798,Jackie Jackson,698-96-8870,"5761 Eric Crest Suite 560
South Evelynmouth, MI 84288",Y,miles
799,Barry Carter,260-71-8290,"USNV Jordan
FPO AP 09095",N,miles
800,Daniel Evans,415-46-1892,"2448 Horn Field Apt. 020
Port Justin, VI 58109",Y,hours
801,Christopher Madden,322-38-1350,"PSC 5167, Box 7111
APO AP 93070",N,hours
802,Pamela Mcdonald,438-37-8149,"65154 Lopez Trail
Lake Elizabeth, NC 53420",N,hours
803,Tracy Fleming,160-38-9828,"03848 Elizabeth Street
New Charles, CT 58000",Y,hours
804,Johnny Baker,150-43-4633,"293 Jamie Mountains
Port Benjaminshire, NH 94454",N,hours
805,Amy Ayala,878-55-0345,"91231 John Crescent
Irwinberg, MP 62939",Y,hours
806,Karl Tanner,280-98-3707,"3460 Frost Hills
Shannonborough, NC 73250",N,hours
807,Jodi Richard,263-06-5722,"02451 Curtis Brooks
Lake Gregoryburgh, ND 50653",Y,miles
808,Anne Baker,746-56-6280,"142 Gabrielle Street
Torresborough, TX 56350",Y,miles
809,Henry Valdez,397-97-1714,"06906 Gregory Isle Apt. 525
Hannahview, ND 63384",N,hours
810,Jason Brown,706-84-6593,"PSC 9747, Box 3437
APO AA 27492",Y,miles
811,Phyllis Grant,693-53-4650,"570 Heather Locks
Jessicaview, AL 46916",Y,miles
812,Brandon Newman,140-56-8796,"43493 Adkins Run
Robertside, MI 71014",N,miles
813,Dawn Weber,713-74-2833,"308 Alexis Ferry
Henrymouth, OR 18842",N,hours
814,Barbara Bell,723-31-5248,"245 Eric Crescent
Port Micheal, MN 14843",N,hours
815,Matthew Morris,312-59-7324,"USNV Barrera
FPO AE 10786",N,hours
816,David Hart,661-17-0495,"8847 Cynthia Square Apt. 870
East Lawrenceborough, GU 30116",Y,miles
817,Howard Stafford,682-72-4835,"Unit 1040 Box 4922
DPO AP 59789",N,miles
818,David Hunter,224-11-4078,"2248 Ray Trafficway Apt. 944
East Brianna, TN 15361",N,hours
819,Michael Martinez,225-38-5994,"296 Fisher Harbor
North Autumnville, WA 67297",Y,hours
820,Rachel Garrett,576-46-3712,"47120 Farley Center
Laurafurt, OR 77531",N,hours
821,Brenda Bailey,336-28-0345,"51348 Jason Inlet
Allisonbury, MO 15622",N,hours
822,Kristen Oliver,002-19-7060,"USNV Soto
FPO AA 11760",Y,miles
823,Regina Stone,326-69-0660,"PSC 2091, Box 7426
APO AP 23693",Y,miles
824,Michael Smith,207-76-1719,"8695 Clark Tunnel
Dixonmouth, MT 97273",Y,miles
825,Larry Palmer,431-30-8081,"96622 Allison Grove
East Hannahfort, OK 67322",Y,hours
826,Michael Shepard,359-15-0156,"095 Johnson Village
Pamelaburgh, CT 90701",Y,hours
827,Claire Terry,681-16-3706,"6226 Amy Union Apt. 241
West Ralph, MD 14696",Y,miles
828,Steven Simpson,852-54-1338,"Unit 5147 Box 5385
DPO AP 98529",Y,miles
829,Cristina Long,879-90-1492,"824 Devin Heights
East Manuelmouth, IN 28008",N,hours
830,Kimberly Collins,155-28-3245,"2645 Edwards Garden Apt. 272
Barrhaven, MP 07698",N,hours
831,Edward Perkins,607-23-0392,"04975 Freeman Passage
Vaughnburgh, MT 76875",Y,hours
832,William Harrison,842-37-9810,"451 Manning Prairie Apt. 873
Williamstown, IL 51370",N,hours
833,Chelsea Gibson,414-48-7113,"59821 Paul Vista
South Michaelberg, MN 80923",Y,hours
834,Lisa Rodriguez,720-39-3163,"362 Daniel Rest
Lake Erik, PW 05132",N,miles
835,Amy Ellis,829-07-9484,"17638 Horne Ramp Suite 564
Thomasport, IA 54279",N,miles
836,Theresa Bryant,547-95-3128,"29435 Danielle Mountains
Melindashire, WY 00640",N,hours
837,Sonya Russell,338-46-5271,"5605 Andrew Green Apt. 911
Lake Kimberlybury, IL 15820",N,miles
838,Maria Thompson,844-35-5678,"592 Watson Squares Suite 242
South Sarah, FM 77545",Y,miles
839,Roberto Avery,002-85-4343,"849 Jessica Vista Suite 061
West Stephen, WI 55200",Y,miles
840,Kelly Johnson,517-15-7608,"990 Gray Square Suite 354
Kerrton, IA 29259",Y,hours
841,Nicole Hansen,519-67-1041,"8522 Eugene Drive
North Mark, VI 60408",Y,miles
842,Mario Hall,422-03-7102,"7391 Lori Mountains
Adamshire, RI 89299",N,hours
843,Katherine Thompson,420-46-3284,"3416 Brown Station
Shelleyland, MD 76098",N,miles
844,Alice Robinson,706-64-2566,"651 Emily Flats Apt. 663
Andrewborough, CO 45140",Y,hours
845,Andrea Lamb,219-84-8656,"9851 Melanie Meadows
West Roger, AK 32587",N,hours
846,Jeffrey Murphy,724-75-7627,"909 Brad Tunnel Suite 270
Amyborough, OR 34892",N,miles
847,Kenneth Ferguson,633-77-8519,"316 Bailey Pike
New Christieport, VT 66107",N,hours
848,Christina Lopez,591-62-7187,"7829 Shane Street Apt. 755
Carmenmouth, AS 13070",Y,miles
849,John Hayes,303-89-7627,"2418 Hannah Coves
New Michaelside, WI 86878",N,hours
850,Dr. Cynthia Cooper,521-53-4519,"67855 Valerie Spring
Robertsport, ND 77506",Y,hours
851,Richard Miller,531-91-6228,"8213 Ruiz Valley Apt. 053
West Philipview, IN 29016",Y,hours
852,Patrick Fry,333-26-2095,"1137 Wright Tunnel
Gallagherborough, NM 23873",Y,hours
853,Vanessa Williams,299-42-0113,"3566 Jones Run
New Calebchester, OR 69802",Y,hours
854,Bobby Fields,228-01-0743,"PSC 5629, Box 4129
APO AE 84882",N,miles
855,Michael Long II,058-68-5758,"4177 Torres Locks
South Arthurshire, MI 78303",N,hours
856,Zachary Morrow,503-38-0781,"63383 Gonzalez Ford Suite 218
South Patriciabury, PW 33143",N,miles
857,Gregory Willis,856-26-6006,"2040 Caitlin Ridges Suite 027
Shariside, HI 10899",Y,hours
858,Matthew Anderson,681-90-1997,"6652 Kaitlin Neck Suite 277
New Brenda, ID 30599",N,hours
859,Joe Rivera,214-58-5512,"42440 Mooney Crossing Apt. 269
East Garyberg, NC 25069",Y,miles
860,Anne Dean,857-21-3124,"25484 Jennifer Trafficway
East Ericville, WI 54798",Y,miles
861,Kathryn Garcia,834-04-9309,"0043 Nathan Canyon Apt. 107
Port Nicholashaven, DE 03090",N,hours
862,Lynn Anderson,719-98-3901,"278 Roy Square
South Marissachester, SD 22193",N,hours
863,Mr. Charles Calderon,644-91-7835,"3646 Collins Stravenue Apt. 373
Wilsonburgh, NE 66770",Y,hours
864,Steven Cruz,789-59-6474,"70250 Lewis Islands
East Zachary, MH 95279",Y,miles
865,Tanya Vaughn,348-90-9527,"128 Eric Forge Apt. 974
Jonesborough, NE 48292",N,hours
866,Timothy Kent,253-73-9500,"661 Leah Square Apt. 399
East Rebeccaside, AZ 15190",N,hours
867,Grant Bond,167-40-1528,"810 Hernandez Hollow
South Jacob, WY 69078",Y,miles
868,Angie Evans,263-35-6688,"1472 Jacob Mountains Apt. 933
Michaelhaven, FL 82811",Y,hours
869,Edward Johnson,421-11-6570,"827 Lauren Road
Dennisville, TX 77575",Y,hours
870,Mathew Jones,278-82-5849,"515 Flores Bypass
Mckenziefurt, IN 21946",N,hours
871,Sharon Garcia,642-84-4755,"966 Castillo Plain
Port Amandaville, WY 93014",N,hours
872,Dr. Jose Mason Jr.,113-89-6144,"08149 Ronald Groves
Hillchester, SD 09975",N,miles
873,Janice Bennett,001-70-4525,"USNS Rose
FPO AE 30454",N,miles
874,Donna Soto,859-49-0711,"38461 David Villages Apt. 952
Millerfurt, AL 24446",Y,miles
875,Sarah Underwood,701-52-6216,"3754 Small Locks
Debrafort, MH 91967",Y,hours
876,Brian Ward,163-90-3445,"281 Cruz Dam
Nicholasmouth, ID 78432",Y,miles
877,Donna Pratt,450-37-1770,"01168 Norman Prairie Suite 154
South Josephville, AK 93551",N,hours
878,Raymond Simpson,118-21-2586,"731 Albert Squares Suite 585
Harrisview, WI 98712",N,hours
879,Robin Thomas,184-09-8137,"88839 Jessica Mount
East Sara, AZ 43278",Y,hours
880,Alexander Compton,858-98-7880,"USCGC Middleton
FPO AE 40458",N,miles
881,Olivia Friedman,353-66-7172,"1270 Sanchez Locks Suite 499
Lake Lisa, NH 94333",Y,miles
882,Megan Velazquez,378-51-2677,"4152 Nicole Freeway
Valeriefurt, AK 70654",N,hours
883,Vincent Myers,794-96-5596,"Unit 1445 Box 9447
DPO AA 31461",N,miles
884,Anna Turner,091-69-5925,"834 James Lakes Suite 735
Port Kaitlinmouth, MA 10440",Y,hours
885,Jennifer Acosta,164-42-1337,"914 David Mountain Apt. 976
Richardville, NY 70604",Y,miles
886,Jennifer Swanson,371-26-8064,"636 Landry Bypass
Port Brian, MH 65173",Y,miles
887,Mark Blair,088-12-1037,"16237 Myers Plains
Lake Toddburgh, NV 08822",N,hours
888,Michaela Williams,452-86-0234,"987 Roman Curve Apt. 161
Moyermouth, WY 28035",Y,hours
889,Tammy Riggs,151-40-8892,"50088 Pierce Grove
Patriciafurt, MO 18768",Y,hours
890,Christopher Schwartz,333-35-4165,"048 Nicole Roads
Masonville, KY 13328",N,hours
891,Anthony Hansen,598-61-1850,"3166 Smith Mount
Conradmouth, AZ 24316",N,hours
892,Nancy Davis,477-07-2019,"380 Yates Loop Apt. 987
South Mitchell, CO 96727",Y,miles
893,Samantha Lamb,564-49-3723,"8925 Martin Camp Apt. 661
North Kellyberg, MD 54731",N,hours
894,Judy Kennedy,894-99-2479,"54339 Kelly Mountain
Simonmouth, PW 04100",N,hours
895,Phillip Hart,780-41-0789,"720 Martin Garden Apt. 243
East Michelle, ID 22165",N,hours
896,Melanie Tanner,184-56-6177,"12135 Francis Lane
Cliffordmouth, RI 40896",N,hours
897,David Christensen,733-13-8719,"242 Nicole Prairie Suite 716
Smithstad, PW 77729",N,hours
898,Dennis Pollard,749-32-4007,"71706 Michelle Mission Suite 594
Lake Katelyn, AS 81019",N,hours
899,Kelly Smith,276-45-8903,"Unit 6095 Box 5903
DPO AP 04781",N,miles
900,Tony Costa,136-52-1237,"7191 Anthony Viaduct
Karenville, MH 54653",N,hours
901,Alice Boyd,259-22-0006,"7846 Johnson Ports Suite 546
Zimmermanview, MI 19827",N,hours
902,Krista Hudson,580-48-9536,"25185 Smith Glen
South Deanna, IN 45312",Y,hours
903,Robert Keith,684-56-0101,"7909 Thompson Island Suite 395
Owenstown, MH 98142",N,hours
904,Gabriela Powers,304-79-2318,"56226 Rose Stravenue Suite 385
West Johnny, ID 96772",N,miles
905,Sarah Pacheco,762-14-0904,"8630 Bowers Throughway
Schmidtland, VA 60466",Y,hours
906,Robert Fernandez,698-80-8309,"02357 Holly Hills Apt. 408
Archermouth, SD 90829",Y,hours
907,Jennifer Smith,096-05-4429,"187 Cook Unions Apt. 754
North Paul, AS 91410",N,hours
908,Kelly Schultz,372-70-4800,"56242 Simon Point Suite 294
Port Michelleburgh, GU 05133",N,miles
909,Gina Haynes,538-31-8416,"119 Smith Rapid Suite 725
West David, MD 91886",N,miles
910,Miranda Riley,443-41-3054,"3813 Williams Courts Apt. 991
Port David, TN 69307",Y,hours
911,Ryan Mata,554-83-3437,"050 Campbell Islands Suite 614
Richardsonton, SC 54863",N,miles
912,Jennifer Luna,096-69-5724,"8997 Thompson Groves
Combshaven, UT 44470",Y,miles
913,Dawn Michael,482-52-5884,"0416 Daniels View Apt. 250
Craigview, MD 25747",N,hours
914,Susan Meadows,426-87-2656,"4761 Lopez Extensions Apt. 440
West Jonathan, AR 23215",N,miles
915,Amanda Curry,776-40-9569,"199 Thomas Plains Apt. 811
Lake Nicholasfort, VI 74909",N,miles
916,Joel Robbins,466-98-7270,"51769 Knight Fall
East Jordanton, MT 22442",N,miles
917,Timothy Knox,591-95-9416,"069 Rivera River Suite 660
Gillespiehaven, NJ 84677",Y,miles
918,Jason Lee,360-52-2255,"4636 Downs Prairie
West Aliciamouth, CT 21801",N,miles
919,Jill Burke,173-34-7973,"15550 Blackburn Key Apt. 038
Rogerschester, CT 10496",N,miles
920,Anita Alvarado,236-79-2486,"86650 Dennis Land
Michaelshire, TX 17392",N,hours
921,Lisa Smith,026-40-7441,"756 John Island
East Kimberly, MD 75081",N,miles
922,Haley Nelson,819-71-4403,"349 Carter Rapids
South Lauraland, WY 40054",N,hours
923,Rebecca Hull,335-59-2624,"713 Brian Trail
Samueltown, ID 34605",N,hours
924,Susan Dawson,721-82-9155,"41278 Sexton Lodge
East Jessicahaven, MD 73713",N,miles
925,Christopher Leonard,537-97-0646,"934 William Run Suite 189
Lake Tanner, ID 01661",Y,hours
926,Robert Gray,128-58-2533,"PSC 5468, Box 6385
APO AA 39627",N,hours
927,Ian Garrett,460-75-9923,"90291 Caroline Springs Apt. 079
New Jennifer, NE 62944",N,miles
928,Johnathan Peterson,055-50-1356,"Unit 6913 Box 5205
DPO AP 84146",N,miles
929,Ashley Harris,717-32-2441,"6083 Gloria Field Apt. 874
West Melissa, SC 49755",Y,miles
930,Laurie Forbes,778-06-7893,"9442 Judy Rapid
Wallacemouth, OH 95851",N,miles
931,Mr. Zachary Clark,521-06-5213,"3237 Jeffrey Keys
Lake Jennifer, TN 37017",N,miles
932,Edward Ross,860-55-4649,"045 Jared Parkways Apt. 606
Dylanton, NV 56370",N,miles
933,Mr. Andrew Phillips,388-40-7850,"322 Brady Drive Suite 290
Joycemouth, MN 61818",N,miles
934,Jon Clark,116-94-0788,"PSC 2793, Box 6178
APO AA 33677",N,hours
935,Kevin Sharp,346-17-4265,"68641 Melanie Summit Apt. 487
New Ericview, OR 99060",Y,hours
936,Carolyn Mckinney,096-86-0535,"092 Lopez Fork
South Scott, IL 26189",N,hours
937,Stacey Fields,002-13-5329,"Unit 6842 Box 2398
DPO AP 53363",Y,hours
938,Melissa Kim,166-52-6668,"75416 Trevor Junction Apt. 773
North Timothy, SC 33262",Y,hours
939,Mrs. Diana Torres,551-87-6952,"77976 James Ville
Hoffmanmouth, AK 54524",Y,miles
940,Aaron Hoffman,536-43-7832,"164 Hayes Village Suite 909
New Barbarafurt, MT 70273",N,hours
941,Duane Roberts,728-14-5760,"6886 Robert Knolls
North Jennifer, SC 95857",Y,miles
942,Mr. Fred Young,898-19-3581,"022 Robert Fall Suite 729
Scottberg, NY 93356",N,hours
943,Stephanie Williams,263-25-2175,"USNS Mack
FPO AP 31869",N,miles
944,Meagan Scott,137-44-7047,"0922 Jeffrey Plains
Bethbury, VA 33351",N,miles
945,Jean Nielsen MD,144-15-9704,"5858 Moreno Prairie
West Davidstad, AL 36658",N,miles
946,John Duncan,251-11-1675,"61440 Blake Manors Suite 609
East Williamborough, MD 84770",N,hours
947,Heidi Jimenez,661-02-4265,"4636 Weeks Valley
Youngshire, PW 40986",Y,hours
948,Carmen Jones,785-74-5133,"29416 Kathryn Course
North Kellyview, MT 09890",N,miles
949,Rachel Cook,730-12-3058,"7203 Ethan Islands
New Diana, PR 76455",Y,miles
950,Donald Jenkins,559-10-1830,"1584 Joanne Ramp Apt. 396
West Misty, UT 72834",N,hours
951,Bryan Williamson,316-85-3447,"932 Travis Mews
Port Daniel, AZ 96194",N,miles
952,Derek Jackson,859-87-6398,"67268 Lawson Camp Suite 799
North Karen, AK 79341",N,miles
953,Amy Butler,130-03-2160,"Unit 3940 Box 3975
DPO AP 35164",Y,miles
954,Julian Davis,059-18-3392,"7076 Turner Fall
North Dillon, NM 47621",Y,hours
955,Mrs. Heather Melton,095-65-7896,"583 Allen Via
West Tiffany, ME 60787",Y,hours
956,Danny Henderson,394-44-8544,"4175 Watkins Underpass Suite 040
North Anthonyside, PW 27443",Y,miles
957,Amanda Gonzalez,195-51-8770,"101 Davis Port Apt. 949
South Brentstad, FM 87182",Y,hours
958,Jordan Green,165-84-8647,"5652 Charles Shoals Apt. 292
Littleton, MD 67207",N,hours
959,Curtis Gutierrez,386-13-0268,"73753 Holmes Meadow
Currymouth, SD 44872",N,hours
960,Ryan Chavez,448-61-0037,"217 Grant Wells Apt. 446
Leeville, MS 21175",N,hours
961,Peter Bruce,415-53-5163,"7958 Kristin Radial
Carneyborough, RI 11395",N,miles
962,Veronica Norton,725-72-3687,"7916 Sarah Mountain Apt. 996
East Josephside, MN 46519",Y,miles
963,Hunter Bowers,171-53-9189,"Unit 7508 Box 0029
DPO AE 83786",Y,hours
964,Peggy Johnson,039-47-2623,"6537 Marcus Station
Port Stevenbury, WY 09922",N,miles
965,Susan Benitez,353-70-6455,"Unit 6486 Box 4831
DPO AP 46080",N,hours
966,Margaret Pena,366-91-4722,"634 Foster Course
Adamshaven, IA 81746",Y,miles
967,Cheryl Haas,135-35-0166,"USS Smith
FPO AA 46685",N,hours
968,Miss Cynthia Fitzgerald,193-75-4031,"USNS Griffith
FPO AE 09987",Y,miles
969,Nicole Montgomery,796-62-2043,"9107 Jensen Drives Apt. 046
West Gabriel, RI 89571",Y,hours
970,Anthony Cook,429-46-4947,"4213 Dwayne View Suite 351
Brendashire, NC 00957",Y,miles
971,Darrell Camacho,726-27-6646,"1127 Alexis Hills Suite 370
East Michael, AR 83372",N,hours
972,Angel Harvey,284-97-7685,"USS Garcia
FPO AA 78918",N,miles
973,Mr. Keith Mitchell,253-23-3457,"152 William Loop Suite 507
North Troy, MA 66045",N,miles
974,Noah Gutierrez,633-89-8741,"85366 Stewart Divide Suite 144
Bakerside, DE 70057",Y,miles
975,Richard Barrera,259-59-4000,"0934 Scott Trace
New James, IA 26760",N,miles
976,Lauren Harris,474-02-0984,"047 Crawford Lodge Apt. 978
Brettchester, LA 17848",N,miles
977,Patricia White,318-56-0548,"17389 Pope Track
Lake Joseph, NY 32811",N,hours
978,Michael Snyder,712-49-5903,"450 Bruce Bypass Suite 397
West Meghan, NC 40216",Y,miles
979,Alexa Montgomery,664-49-7972,"0813 Macias Turnpike Suite 824
Patelview, AR 02013",Y,miles
980,Joanna Leonard,435-59-8579,"205 Julie Forest Suite 705
Lake John, MI 34852",N,miles
981,Bonnie Jordan,222-45-2328,"46339 Christine Fields Apt. 147
Port Mariamouth, WY 37256",N,miles
982,Robert Thomas,508-26-8793,"03972 Thompson Mall Suite 306
Lake Laurieborough, DC 33122",N,miles
983,Dennis White,524-91-6760,"PSC 0348, Box 5494
APO AE 36219",N,hours
984,Justin Welch,728-10-2221,"489 Anthony Circles Suite 121
New Michaelchester, VI 97367",N,hours
985,Jeffrey Butler,009-52-4636,"24821 Brown Isle
Angelaland, NY 66069",N,hours
986,William Patrick,200-25-3539,"USNS Alexander
FPO AE 11308",Y,hours
987,Victor Clay,044-12-8914,"50495 Ferguson Mission Apt. 783
North Andrew, AK 85141",Y,miles
988,Jason Johnson,583-19-7908,"USNS Flores
FPO AE 63980",N,hours
989,Jacob Frazier,553-03-7816,"332 Christian Roads Apt. 112
Ronaldborough, MH 34522",N,miles
990,Cynthia Green,743-34-6043,"0479 Smith Camp
West Karen, LA 89643",Y,hours
991,Christopher Dodson,117-69-9548,"55408 Chandler Square
Carlosfurt, MP 02409",Y,miles
992,Thomas Horton,089-22-0046,"47565 Park Shore Suite 737
Parkerfort, FM 34267",Y,hours
993,Patrick Francis,810-29-2717,"6169 Stephen Bypass Suite 148
South Adrianabury, ID 14021",Y,miles
994,Nicole Adams,054-64-2244,"067 Zachary Ridge
New Sarah, VI 84007",N,miles
995,Rebecca Holland,214-64-3854,"239 Walter Alley
New Raymond, AK 33706",N,miles
996,Julie Ortiz,760-67-6006,"0645 Tanya Knolls
Brittanyview, PW 61602",Y,hours
997,Anthony Wade,186-62-6391,"4256 Sabrina Springs Suite 827
East Danielborough, NY 22859",Y,miles
998,Carolyn Martinez,472-05-7386,"54063 Williams Canyon Apt. 310
Lake Michaelland, MS 94968",Y,hours
999,Kirsten Winters,755-33-3829,"52648 Hamilton Course Apt. 312
Carolfurt, CO 04918",N,hours
1000,Alexandra Smith,692-58-5445,"361 Joshua Tunnel
North Jontown, TX 12824",Y,hours
1001,Joshua Hill,259-19-9975,"5838 Tony Street Apt. 079
West Melanie, NE 24688",Y,hours
1002,Marie Castillo,684-98-1712,"6733 Hill Walks Suite 765
North Kristinfurt, WA 92866",N,hours
1003,Richard Kaiser,128-09-2472,"Unit 7613 Box 5131
DPO AP 52507",N,miles
1004,Mark Garcia,560-46-0638,"668 Shannon Garden
Justinfort, IA 98570",N,miles
1005,Erica Bradley,847-05-5968,"286 Margaret Rapid
Garciabury, NY 11438",Y,miles
1006,William Allen,174-86-2584,"9055 Garcia Fort
South Brianchester, WA 25603",Y,hours
1007,Rebecca Greene,774-62-2559,"12558 Katelyn Mountains
South Calvin, MA 08374",Y,miles
1008,Stacey Morris,426-48-2361,"05394 Amanda Gardens
Port Jacob, WA 17010",N,miles
1009,James Flores,561-13-3855,"717 Joe Rapid
Lake Benjamin, VA 28283",N,hours
